1029800970131;268,12;304,68;323,04;1,0 MG/ML SOL INJ CX 50 ENVOL AMP VD AMB X 2 ML
1029800970148;240,59;273,4;289,87;0,2 MG/ML SOL INJ CX 50 ENVOL AMP VD AMB X 1 ML
1029800970199;20,64;23,45;24,87;10,0 MG/ML SOL INJ CX 5 AMP VD AMB X 1 ML
1029800970202;88,45;100,51;106,57;10,0 MG/ML SOL INJ CX 25 AMP VD AMB X 1 ML
1029800970237;124,77;141,78;150,33;30 MG CAP DURA LIB PROL CX BL AL PLAS TRANS X 60
1029800970296;177,95;202,22;214,4;60 MG CAP DURA LIB PROL CX BL AL PLAS TRANS X 60
1029800970342;221,78;252,02;267,2;100 MG CAP DURA LIB PROL CX BL AL PLAS TRANS X 60
1029800970423;30,16;34,27;36,34;10 MG COM CX BL AL AL X 50
1029800970431;81,06;92,11;97,66;30 MG COM CX BL AL AL X 50
1029800970441;173,22;196,84;208,7;0,2 MG/ML SOL INJ CX 36 AMP VD AMB X 1 ML
1029800970458;127,38;144,75;153,47;10,0 MG/ML SOL INJ CX 36 AMP VD AMB X 1 ML
1029800970466;193,05;219,38;232,59;1,0 MG/ML SOL INJ CX 36 AMP VD AMB X 2 ML
1029800980021;223,02;253,43;268,7;25 MG/ML SOL INJ CX 50 AMP VD AMB X 1 ML
1029801010016;462,11;525,13;556,76;2 MG/ML SOL INJ IV CX 50 AMP VD AMB X 2 ML
1029801010024;178,8;203,18;215,42;2 MG/ML SOL INJ IV CX 36 AMP VD AMB X 2 ML
1029801020011;243,48;276,68;293,35;10 MG/ML SOL INJ CX 50 AMP VD TRANS X 1 ML
1029801020038;175,31;199,22;211,22;10 MG/ML SOL INJ CX 36 AMP VD TRANS X 1 ML
1029801020062;121,74;138,34;146,67;10 MG/ML SOL INJ CX 25 AMP VD TRANS X 1 ML
1029801020070;121,74;138,34;146,67;10 MG/ML SOL INJ CX 25 AMP VD AMB X 1 ML
1029801070034;31,46;35,75;37,9;250 MG + 25 MG COM CX BL AL PLAS INC X 30
1029801070045;209,83;238,44;252,81;250 MG + 25 MG COM CX BL AL PLAS INC X 200 (EMB HOSP)
1029801100041;145,47;165,31;175,27;150 MG COM REV CX BL AL PLAS TRANS X 200
1029801100058;7,27;8,26;8,76;150 MG COM REV CT BL AL PLAS TRANS X 10
1029801150012;57,51;65,35;69,29;10 MG/ML SOL INJ CX 50 AMP VD AMB X 1 ML (EMB HOSP)
1029801150039;11,5;13,07;13,86;10 MG/ML SOL INJ CX 50 AMP VD AMB X 0,2 ML (EMB HOSP)
1029801150047;41,38;47,02;49,86;10 MG/ML SOL INJ IM CX 36 AMP VD AMB X 1 ML (EMB HOSP)
1029801150055;28,37;32,24;34,18;10 MG/ML SOL INJ CX 25 AMP VD AMB X 1 ML (EMB HOSP) - 05
1029801240010;28,19;32,03;33,96;2 MG/ML SOL INJ IV/IM CT 1 AMP VD TRANS X 2 ML
1029801240029;39,88;45,32;48,05;2 MG/ML SOL INJ IV/IM CT 1 AMP VD TRANS X 4 ML
1029801240037;141,25;160,51;170,18;8 MG COM REV CT BL AL PLAS X 10 (ADQ. RES. 572 05/04/2002)
1029801240046;1380,36;1568,59;1663,08;2 MG/ML SOL INJ IV/IM CX 50 AMP VD TRANS X 2 ML
1029801240054;1956,88;2223,73;2357,69;2 MG/ML SOL INJ IV/IM CX 50 AMP VD TRANS X 4 ML
1029801240070;141,25;160,51;170,18;8 MG COM REV CT BL AL/AL X 10
1029801240127;849,17;964,97;1023,1;2 MG/ML SOL INJ IV/IM CX 36 AMP VD AMB X 2 ML
1029801240135;391,36;444,73;471,52;2 MG/ML SOL INJ IV/IM CX 10 AMP VD AMB X 4 ML
1029801240143;591,69;672,38;712,88;2 MG/ML SOL INJ IV/IM CX 25 AMP VD AMB X 2 ML
1029801270050;13,32;15;16,7;10 MG/ML SOL INJ INFUS IV FA  CT  FA VD AMB X 20 ML
1029801300010;486,87;553,26;586,59;1ML/ML SOL INAL CT FR VD AMB X 100 ML
1029801300022;1166,29;1325,33;1405,17;1ML/ML SOL INAL CT FR VD AMB X 240 ML
1029801320015;366,66;416,66;441,76;0,544 MG/ML SOL INJ CX  10 AMP VD TRANS X 5 ML
1029801320023;1061,13;1205,83;1278,47;0,544 MG/ML SOL INJ CX  25 AMP VD TRANS X 10 ML
1029801320031;424,45;482,33;511,39;0,544 MG/ML SOL INJ IV CX 10 AMP VD TRANS X 10 ML
1029801330045;280,47;318,72;337,92;5 MG/ML SOL INJ CX 10 AMP VD AMB X 5 ML
1029801330053;299,06;339,84;360,31;5 MG/ML SOL INJ CX 10 AMP VD AMB X 10 ML
1029801340059;133,1;151,25;160,36;10 MG/ML EMU INJ CX 5 AMP VD TRANS X 10 ML
1029801340083;239;271,59;287,95;10 MG/ML EMU INJ CX 5 FA VD TRANS X 20 ML
1029801340113;241,21;274,1;290,61;10 MG/ML EMU INJ CX 10 AMP VD TRANS X 10 ML
1029801340121;413,55;469,94;498,25;10 MG/ML EMU INJ CX 10 FA VD TRANS X 20 ML
1029801350070;1144,22;1300,25;1378,58;10 MG/ML SOL INJ CX 25 AMP VD TRANS X 5 ML
1029801350089;602,83;685,03;726,3;10 MG/ML SOL INJ CX 25 AMP VD TRANS X 2,5 ML
1029801380018;45,64;51,86;54,99;10 MG/ML SOL INJ CX 10 AMP VD AMB X 1 ML
1029801380085;13,53;15,38;16,3;5 MG COM CT BL AL AL X 20
1029801380107;25,7;29,2;30,96;10 MG COM CT BL AL AL X 20
1029801380131;164,29;186,69;197,94;10 MG/ML SOL INJ CX 36 AMP VD AMB X 1 ML
1029801380141;110,7;125,8;133,37;10 MG/ML SOL INJ CX 25 AMP VD AMB X 1 ML
1029801430058;46,58;52,93;56,12;15 MG COM REV CT BL AL PLAST PVC TRANS X 20
1029801430074;211,71;240,58;255,07;2 MG/ML SOL OR CX 12 FR VD AMB X 10 ML + 12 COP
1029801430082;637,98;724,98;768,65;5 MG/ML SOL INJ IV/IM/RET CX 50 AMP VD AMB X 3 ML
1029801430090;347,09;394,42;418,18;1 MG/ML SOL INJ IV/IM/RET CX 50 AMP VD AMB X 5 ML
1029801430104;1755,01;1994,33;2114,47;5 MG/ML SOL INJ IV/IM/RET CX 50 AMP VD AMB X 10 ML
1029801430112;127,6;145;153,73;5 MG/ML  SOL INJ IV/IM/RET CX 10 AMP VD AMB X 3 ML
1029801430120;69,41;78,88;83,63;1 MG/ML  SOL INJ IV/IM/RET CX 10 AMP VD AMB X 5 ML
1029801430139;351;398,86;422,89;5 MG/ML  SOL INJ IV/IM/RET CX 10 AMP VD AMB X 10 ML
1029801450032;180,51;205,13;217,48;100 MG CAP GEL DURA CT  BL AL PLAS INC X 8
1029801480012;1407,36;1599,27;1695,61;1 ML/ML SOL INAL CT FR VD AMB X 250 ML
1029801480039;634,07;720,53;763,94;1 ML/ML SOL INAL CT FR VD AMB X 100 ML
1029801510035;108,24;123;130,41;5 MG COM CX  BL AL PLAS TRANS X 200
1029801510043;160,7;182,61;193,61;20 MG COM CX BL AL PLAS TRANS X 200
1029801570021;502,3;570,8;605,18;1 ML/ML SOL INAL CT FR VD AMB X 240 ML
1029801570038;269,61;306,38;324,83;1 ML/ML SOL INAL CT FR VD AMB X 100 ML
1029801600026;274,9;312,39;331,2;5 MG/ML + 9,1 MCG/ML SOL INJ CX 10 EST FA VD TRANS X 20 ML
1029801600042;256,92;291,95;309,54;2,5 MG/ML+ 9,1 MCG / ML SOL INJ CX 10 EST FA VD TRANS X 20 ML
1029801600050;322,22;366,16;388,22;7,5 MG/ML + 9,1 MCG / ML SOL INJ CX 10 EST FA VD TRANS X 20 ML
1029801640036;265,37;301,56;319,72;50 MG COM REV CT FR PLAS OPC X 30
1029801690033;451,69;513,28;544,2;10 MG/ML SOL INJ CX 50 AMP VD AMB X 1 ML (EMB HOSP)
1029801690041;451,69;513,28;544,2;10 MG/ML SOL INJ CX 50 AMP VD TRANS X 1 ML
1029801690076;325,22;369,57;391,83;10 MG/ML SOL INJ CX 36 AMP VD TRANS X 1 ML
1029801690084;225,85;256,65;272,11;10 MG/ML SOL INJ CX 25 AMP VD TRANS X 1 ML
1029801700020;408,18;463,84;491,78;50 MG/ML SOL INJ CX 25 AMP VD AMB X 1 ML (EMB HOSP)
1029801700047;587,76;667,91;708,14;50 MG/ML SOL INJ CX 36 AMP VD AMB X 1 ML (EMB HOSP)
1029801890016;15,15;17,22;18,25;2,5 MG/ML SOL OR CT FR VD AMB X 20 ML
1029801930069;219,61;249,56;264,59;150 MCG/ML SOL INJ CX 30 EST X AMP VD AMB X 1 ML
1029801970036;1525,86;1733,93;1838,39;20 MG CAP DURA CX BL AL PLAS TRANS X 500
1029801980015;235,29;267,38;283,48;50 MG/ML SOL INJ CX 25 AMP VD AMB X 1 ML (EMB HOSP)
1029801980023;941,12;1069,45;1133,88;50 MG/ML SOL INJ CX 100 AMP VD AMB X 1 ML ( EMB HOSP)
1029801980031;338,8;385;408,19;50 MG/ML SOL INJ CX 36 AMP VD AMB X 1 ML (EMB HOSP)
1029801990010;59,15;67,22;71,27;60 MG COM CT BL AL PLAS TRANS X 30
1029801990029;35,58;40,43;42,87;30 MG COM CT BL AL PLAS TRANS X 30
1029801990037;40,73;46,28;49,07;3 MG/ML SOL OR CT FR VD AMB X 120 ML
1029801990045;194,11;220,58;233,87;30 MG/ML SOL INJ CX 25 AMP VD AMB X 2 ML
1029801990071;279,53;317,65;336,78;30 MG/ML SOL INJ CX 36 AMP VD AMB X 2 ML
1029801990088;13,03;14,81;15,7;30 MG COM CT BL AL PLAS TRANS X 12
1029801990096;23,66;26,89;28,51;60 MG COM CT BL AL PLAS TRANS X 12
1029802000030;84,8;96,36;102,17;3 MG COM CT BL AL PLAS INC X 20
1029802000057;47,51;53,99;57,24;2 MG COM REV CT BL AL PLAS PVC TRANS X 20
1029802000065;68,02;77,3;81,95;3 MG COM REV CT BL AL PLAS PVC TRANS X 20
1029802000073;44,12;50,14;53,16;1 MG COM REV CT BL AL PLAS PVC TRANS X 20
1029802000081;445,07;505,76;536,23;1 MG COM REV CX BL AL PLAS PVC TRANS X 200
1029802000091;608,54;691,52;733,18;2 MG COM REV CX BL AL PLAS PVC TRANS X 200
1029802000103;807,48;917,59;972,87;3 MG COM REV CX BL AL PLAS PVC TRANS X 200
1029802000111;48,06;54,61;57,9;1 MG COM REV CT BL AL PLAS PVC TRANS X 30
1029802000121;48,06;54,61;57,9;2 MG COM REV CT BL AL PLAS PVC TRANS X 30
1029802000138;48,06;54,61;57,9;3 MG COM REV CT BL AL PLAS PVC TRANS X 30
1029802000146;48,06;54,61;57,9;1 MG/ML SOL OR CT FR VD AMB X 30 ML + SER DOS
1029802000154;480,77;546,33;579,24;1 MG/ML SOL OR CX 10 FR VD AMB X 30 ML + 10 SER DOS
1029802000162;89,13;101,28;107,39;1 MG COM REV CT BL AL PLAS PVC TRANS X 60
1029802000170;139,34;158,34;167,88;2 MG COM REV CT BL AL PLAS PVC TRANS X 60
1029802000189;197,61;224,56;238,08;3 MG COM REV CT BL AL PLAS PVC TRANS X 60
1029802000197;101,16;114,95;121,88;1 MG/ML SOL OR CT FR VD AMB X 60 ML + SER PLAS DOS
1029802060017;5710,37;6489,06;6879,96;20 MG PO LIOF SOL INJ IV CX 12 FA VD TRANS + DIL FA VD TRANS X 60ML
1029802060041;1903,45;2163,01;2293,31;20 MG PO LIOF SOL INJ IV CX 12 FA VD TRANS + DIL FA VD TRANS X 20ML
1029802120044;43,85;50,67;54,19;CREM DERM CT TB  PLAS X 50 G
1029802130066;366,9;416,93;442,05;50 MG/ML SOL INJ IM/IV CX 5 FA VD AMB X 10 ML
1029802130074;334,2;379,77;402,65;50 MG/ML SOL INJ IM/IV CX 25 AMP VD AMB X 2 ML
1029802130082;3668,87;4169,17;4420,32;50 MG/ML SOL INJ IM/IV CX 50 FA VD AMB X 10 ML
1029802130090;481,25;546,88;579,82;50 MG/ML SOL INJ IM/IV CX 36 AMP VD AMB X 2 ML
1029802130104;1752,69;1991,69;2111,67;50 MG/ML SOL INJ IM/IV CX 25 FA VD AMB X 10 ML
1029802130112;13,37;15,19;16,11;50 MG/ML SOL INJ IM/IV CT AMP VD AMB X 2 ML + SER
1029802130120;40,1;45,57;48,31;50 MG/ML SOL INJ IM/IV CT 3 AMP VD AMB X 2 ML + 3 SER
1029802130139;66,83;75,94;80,52;50 MG/ML SOL INJ IM/IV CT 5 AMP VD AMB X 2 ML + 5 SER
1029802160062;958,42;1089,11;1154,72;50 MCG/ML SOL INJ  CX 10  AMP VD TRANS X 5 ML
1029802160070;515,28;585,55;620,82;50 MCG/ML SOL INJ  CX 25  AMP VD TRANS X 1 ML
1029802160089;266,12;302,41;320,63;5 MCG/ML SOL INJ CX 30 EST AMP VD TRANS X 2 ML
1029802160097;319,34;362,89;384,75;5 MCG/ML SOL INJ  CX 36 AMP VD TRANS X 2 ML
1029802160100;742,01;843,19;893,99;50 MCG/ML SOL INJ  CX 36  AMP VD TRANS X 1 ML
1029802180020;170,7;193,98;205,66;50 MG PO LIOF SOL INJ CT 5 AMP VD AMB + AMP DIL X 2ML+EQUIPO OPC
1029802180047;170,7;193,98;205,66;50 MG PO LIOF SOL INJ CX 5 ENVOL 5 FA VD AMB + 5 AMP DIL X 2ML
1029802220022;279,14;317,2;336,31;1 ML/ML SOL INAL CT FR VD AMB X 250 ML
1029802240058;50,01;56,83;60,25;5 MG COM REV CX BL AL PLAS TRANS X 200
1029802250045;17,35;19,72;20,9;25 MG COM REV CT BL AL PLAS PVDC TRANS X 20
1029802250053;161,28;183,27;194,31;25 MG COM REV CX  BL AL PLAS PVDC TRANS X 200
1029802250071;49,97;56,78;60,2;75 MG COM REV CT BL AL PLAS PVDC TRANS X 20
1029802250088;499,65;567,78;601,99;75 MG COM REV CX  BL AL PLAS PVDC TRANS X 200
1029802250118;25,12;28,55;30,27;25 MG COM REV CT BL AL PLAS PVDC TRANS X 30
1029802250126;49,11;55,81;59,17;25 MG COM REV CT BL AL PLAS PVDC TRANS X 60
1029802260016;121,07;137,58;145,87;5 MG/ML SOL INJ IM CX 50 AMP VD AMB X 5 ML
1029802260131;57,72;65,59;69,54;40 MG/ML SOL OR CX 10 FR VD AMB X 20 ML
1029802260164;46,76;53,14;56,34;25 MG COM REV CX 20 BL AL PLAS TRANS X 10
1029802260172;76,45;86,88;92,11;100 MG COM REV CX 20 BL AL PLAS TRANS X 10
1029802260180;22,64;25,73;27,28;5 MG/ML SOL INJ IM CX 10 AMP VD AMB X 5 ML
1029802260229;46,76;53,14;56,34;25 MG COM REV CT BL AL PLAS PVC/PVDC TRANS X 200
1029802260245;76,45;86,88;92,11;100 MG COM REV CT BL AL PLAS PVC/PVDC TRANS X 200
1029802270011;3296,95;3746,54;3972,23;250 MG/ML SOL INJ CX 10 AMP VD AMB X 10 ML EMB HOSP
1029802270038;1096,82;1246,39;1321,47;10 MG/ML SOL INJ CX 20 FA VD AMB X 10 ML EMB HOSP
1029802270046;3296,95;3746,54;3972,23;250 MG/ML SOL INJ CX 10 AMP VD INC X 10 ML ( EMB HOSP)
1029802270054;1371,03;1557,99;1651,84;10 MG/ML SOL INJ CX 25 FA VD AMB X 10 ML (EMB. HOSP.)
1029802290012;26,64;30,27;32,1;50 MG PO LIOF INJ CX FA VD TRANS + SOL DIL
1029802290039;665,81;756,6;802,18;50 MG PO LIOF INJ CX 25 FA VD TRANS + SOL DIL
1029802310021;31,94;36,91;39,47;20 MG/ML SAB LIQ CX FR PLAS OPC X 1000 ML
1029802330057;32,11;34,15;38,8;1 MG/ML PO SOL OR CT FR PLAS OPC X 210 ML + CP MED
1029802400020;234;265,91;281,93;50 MG/ML SOL INJ IM CX 15 AMP VD AMB X 1 ML
1029802400039;561,46;638,02;676,46;50 MG/ML SOL INJ IM CX 36 AMP VD AMB X 1 ML
1029802400047;378,33;429,92;455,82;50 MG/ML SOL INJ IM CX 25 AMP VD AMB X 1 ML
1029802430035;39,62;45,02;47,73;5 MG COM CT BL AL PLAS TRANS X 200
1029802450036;131,68;136;140,1;10 MG / ML SOL OR CT FR PLAS OPC X 240 ML + SER DOS
1029802490011;13,62;15,48;16,41;2% GEL TOP CT BG AL X 30 G + APLIC
1029802500017;16,97;19,61;20,97;50 MG/G CREM DERM CT BG AL X 10 G
1029802570023;13,4;15,23;16,14;5,0  MG/ML  SOL OFT CT FR PLAS OPC GOT X 5 ML
1029802600011;19,32;21,95;23,28;100.000 UI/ML SUS OR CT FR VD AMB X 50 ML + CGT
1029802610017;47,63;54,13;57,39;50 MG/ML SOL INJ IV/IM CT 6 AMP VD TRANS X 1 ML
1029802610025;50,98;57,93;61,42;100 MG/ML SOL OR CT FR VD AMB GOT X 10 ML
1029802610033;28,03;31,85;33,77;50 MG CAP GEL CT BL AL PLAS OPC X 10
1029802610041;358,97;407,92;432,49;50 MG CAP GEL CT 10 BL AL PLAS OPC X 10
1029802610051;757,97;861,33;913,22;50 MG/ML SOL INJ IV/IM CX 100 AMP VD TRANS X 1 ML
1029802610068;68,71;78,08;82,78;50 MG/ML SOL INJ IV/IM CT 6  AMP VD TRANS X 2 ML
1029802610076;1093,41;1242,51;1317,36;50 MG/ML SOL INJ IV/IM CX 100 AMP VD TRANS X 2 ML
1029802610092;50,87;57,81;61,29;100 MG COM REV LIB PROL CT BL AL PLAS OPC  X 10
1029802610173;234,84;266,86;282,94;50 MG/ ML SOL INJ IV/IM CX 36 AMP VD TRANS X 1 ML
1029802610191;412,23;468,44;496,66;50 MG/ ML SOL INJ IV/IM CX 36 AMP VD TRANS X 2 ML
1029802610203;165,74;188,34;199,69;50 MG/ ML SOL INJ IV/IM CX 25 AMP VD TRANS X 1 ML
1029802610211;260,26;295,75;313,57;50 MG/ ML SOL INJ IV/IM CX 25 AMP VD TRANS X 2 ML
1029802610221;51,15;58,13;61,63;100 MG COM REV LIB PROL CT BL AL PLAS TRANS  X 10
1029802620020;494,43;561,85;595,7;2 MG/ML SOL INJ CX 25 AMP VD TRANS X 10 ML (EMB HOSP)
1029802670036;8,58;9,75;10,34;5 MG/ML SOL OFT CT FR PLAS OPC GOT X 5 ML
1029802680015;28,37;32,78;35,06;20 MG/G POM DERM CT BG AL X 15 G
1029802680031;1418,95;1639,72;1753,44;20 MG/G POM DERM CX 50 BG AL X 15 G (EMB HOSP)
1029802760019;13,87;15,76;16,71;50 MG/ML SOL INJ IM CX 6 AMP VD AMB X 2 ML
1029802760035;108,13;122,88;130,28;50 MG/ML SOL INJ IM CX 48 AMP VD AMB X 2 ML
1029802760051;57,03;64,81;68,71;50 MG/ML SOL INJ IM CX 25 AMP VD AMB X 2 ML
1029802790015;14,02;15,93;16,89;3 MG/ML SOL OFT CT FR PLAS OPC GOT X 5 ML
1029802810016;26,4;30;31,81;5 MG/ML SOL OFT CT FR GOT PLAS PEAD/PEBD OPC X 5 ML
1029802820011;17,03;19,68;21,04;10 MG/G CREM DERM CT BG AL X 20 G
1029802830033;104,57;118,83;125,99;0,4 MG/ML  SOL INJ IM/SC/IV CX 10 AMP VD TRANS X 1 ML
1029802830051;376,44;427,77;453,54;0,4 MG/ML SOL INJ IM/SC/IV  CX 36 AMP VD TRANS X 1 ML
1029802830068;261,42;297,07;314,96;0,4 MG/ML SOL INJ IM/SC/IV  CX 25 AMP VD TRANS X 1 ML
1029802840012;168,44;191,41;202,94;10 MG/ML SOL INJ  IM/SC/IV CX 10 AMP VD AMB X 1 ML
1029802840063;606,38;689,07;730,58;10 MG/ML SOL INJ  IM/SC/IV CX 36 AMP VD AMB X 1 ML
1029802840071;408,6;464,32;492,29;10 MG/ML SOL INJ  IM/SC/IV CX 25 AMP VD AMB X 1 ML
1029802860072;17,07;19,4;20,57;6,43 MG/ML + 2,63 MG/ML SUS INJ CT 1 AMP VD TRANS X 1 ML + SER
1029802860099;410,28;466,23;494,31;6,43 MG/ML + 2,63 MG/ML SUS INJ CX 24 AMP VD TRANS X 1 ML
1029802860110;614,57;698,38;740,45;6,43 MG/ML + 2,63 MG/ML SUS INJ CX 36 AMP VD TRANS X 1 ML
1029802860129;426,73;484,92;514,13;6,43 MG/ML + 2,63 MG/ML SUS INJ CX 25 AMP VD TRANS X 1 ML
1029802870027;956,28;1086,68;1152,14;0,1 MG/ML SOL INJ CT 5 AMP VD TRANS X 5 ML
1029802870035;1912,55;2173,35;2304,28;0,1 MG/ML SOL INJ CX 10 AMP VD TRANS  X 5 ML
1029802880022;3045,37;3460,65;3669,12;200 MG PO LIOF SOL INJ CX 10 FA VD TRANS + 10 AMP DIL X 3 ML
1029802880073;5851,12;6649;7049,54;400 MG PO LIOF SOL INJ CX 10 FA VD  TRANS + 10 AMP DIL X 3 ML
1029802890011;20,79;23,63;25,05;7,5 MG COM CT BL AL/AL X 10
1029802890044;38,59;43,85;46,49;15 MG COM CT BL AL/AL X 10
1029802890087;35,77;40,65;43,1;10 MG/ML SOL INJ CX 5 AMP VD TRANS X 1,5 ML
1029802890133;10,39;11,81;12,52;7,5 MG COM CT BL AL/AL X 5
1029802890141;19,29;21,92;23,24;15 MG COM CT BL AL/AL X 5
1029802920016;33,42;38,62;41,3;10 MG/G CREM VAG CT BG AL X 40 G + 7 APLIC DES
1029802950012;1778,43;2020,94;2142,69;100 MG COM CX  BL AL PLAS TRANS X 200 (EMB HOSP)
1029802950020;84,39;95,9;101,67;100 MG COM CT BL AL PLAS TRANS X 30
1029802950039;50,58;57,48;60,94;50 MG COM CT BL AL PLAS TRANS X 30
1029802950063;30,65;34,83;36,93;25 MG COM CT BL AL PLAS TRANS X 30
1029802970056;82,03;93,22;98,83;250 MG COM CT BL AL PLAS TRANS X 14
1029802970064;164,9;187,39;198,67;250 MG COM CT BL AL PLAS TRANS X 28
1029802970072;19,83;22,53;23,89;10 MG/G CREM CT BG AL X 20 G
1029802980027;75,13;85,38;90,52;20 MG COM REV CT BL AL PLAS TRANS X 30
1029802980043;75,13;85,38;90,52;30 MG COM REV CT BL AL PLAS TRANS X 20
1029802980078;500,85;569,15;603,43;20 MG COM REV CX BL AL PLAS TRANS X 200
1029802980086;751,31;853,76;905,19;30 MG COM REV CX BL AL PLAS TRANS X 200
1029803000026;24,13;27,42;29,07;20 MG COM REV CT BL AL PLAS TRANS X 14
1029803000034;51,15;58,13;61,63;20 MG COM REV CT BL AL PLAS TRANS X 28
1029803000077;345,03;392,08;415,7;20 MG COM REV CX BL AL PLAS TRANS X 200
1029803020061;565,66;642,8;681,52;0,0785 MG/ML + 2,5 MG/ML SOL INJ CX 50 AMP VD AMB X 2 ML
1029803020078;407,29;462,83;490,71;0,0785 MG/ML + 2,5 MG/ML SOL INJ CX 36 AMP VD AMB X 2 ML
1029803020086;282,84;321,41;340,77;0,0785 MG/ML + 2,5 MG/ML SOL INJ CX 25 AMP VD AMB X 2 ML
1029803030138;1117,05;1269,38;1345,84;5 MG/ML SOL INFUS IV CX ENVOL 6 BOLS PLAS PP TRANS SIST FECH X 100 ML
1029803040028;597,08;678,5;719,37;10 MG/ML SOL INJ CT 12 FA VD TRANS X 5 ML
1029803040060;1243,89;1413,51;1498,66;10 MG/ML SOL INJ CX 25 FA VD TRANS X 5 ML
1029803050041;460,47;523,26;554,78;4 MG PO LIOF SOL INJ CX 10 FA VD TRANS + 10 DIL AMP X 1 ML
1029803050066;781,08;887,59;941,06;10 MG PO LIOF SOL INJ CX 10 FA VD TRANS
1029803100055;4100,15;4659,26;4939,94;60 MG PO LIOF SOL INJ CX 5 FA VD TRANS+ 5 AMP DIL X 10 ML
1029803100071;6274,53;7130,15;7559,67;90 MG PO LIOF SOL INJ CX 5 FA VD TRANS+ 5 AMP DIL X 10 ML
1029803140022;13,73;15,6;16,54;12,5 MG COM CT BL AL PLAS TRANS X 30
1029803150011;235,89;268,06;284,2;2,5 MG/ML SOL INJ CX 10 EST FA VD TRANS X 20 ML
1029803150028;248,98;282,93;299,98;5,0 MG/ML SOL INJ CX 10 EST FA VD TRANS X 20 ML
1029803150036;309,6;351,82;373,01;7,5 MG/ML SOL INJ CX 10 EST FA VD TRANS X 20 ML
1029803150044;254,49;289,19;306,61;5,0 MG/ML SOL INJ CX 10 EST X 03 AMP VD TRANS X 4 ML
1029803170010;1404,43;1595,94;1692,08;100 U P LIOF INJ CT 1 FA VD INC
1029803170031;702,26;798,02;846,1;50 U P LIOF INJ CT 1 FA VD INC
1029803180040;347,6;350;360,1;30 MG/ML SOL OR CT FR PLAS OPC X 180 ML + SER DOS
1029803180059;347,6;350;360,1;30 MG/ML SOL OR CT FR PLAS OPC X 180 ML + COP
1029803200025;214,66;243,93;258,63;100 MG P LIOF P/ SOL INJ CX 25 FA VD TRANS
1029803200033;418,88;476;504,67;100 MG P LIOF P/ SOL INJ CX 50 FA VD TRANS
1029803260079;36,18;41,11;43,59;10 MG COM CT BL AL PLAS TRANS X 30
1029803260117;66,08;75,09;79,61;20 MG COM CT BL AL PLAS TRANS X 30
1029803270041;41,48;47,93;51,26;40 MG PO LIOF SOL INJ CT 1 FA VD TRANS + AMP DIL X 10 ML
1029803270066;1037,68;1199,13;1282,29;40 MG PO LIOF SOL INJ CX 25 FA VD TRANS+ 25 AMP DIL X 10 ML
1029803280045;11,74;13,57;14,51;35 MG + 300 MG +  50 MG COM CT  BL AL PLAS AMB X 30
1029803280053;78,7;90,94;97,25;35 MG + 300 MG +  50 MG COM CX  BL AL PLAS AMB X 200
1029803280061;10,36;11,97;12,8;35 MG/ML + 300MG/ML + 50MG/ML SOL OR CT FR VD AMB X 20 ML
1029803300021;159,6;184,43;197,22;3 PCC + 0,03 UI / ML SOL INJ CT CX 50 CARP PLAS TRANS X 1,8 ML
1029803390071;181,63;206,4;218,83;2 MG/ML SOL INJ CX 5 EST X FA VD TRANS X 20 ML
1029803390096;207,08;235,32;249,49;7,5 MG/ML SOL INJ CX 5 EST X FA VD TRANS X 20 ML
1029803390118;279;317,05;336,14;10 MG/ML SOL INJ CX 5 EST X FA VD TRANS X 20 ML
1029803410021;39,33;44,69;47,39;5 MG COM CT BL AL PLAS AMB X 30
1029803410054;78,64;89,36;94,75;10 MG COM CT BL AL PLAS AMB X 30
1029803470014;242,27;275,31;291,89;10 000 UI/ML SOL TOP SPY CT FR VD INC NEB X 50 ML
1029803500037;232,98;264,75;280,7;2,5MG/ML + 9,1MCG/ML SOL INJ CX 10 EST FA VD TRANS X 20 ML
1029803500071;125,69;145,25;155,32;5,0MG/ML + 9,1MCG/ML SOL INJ CX 25 CARP PLAS TRANP X 1,8 ML
1029803500101;321,71;365,58;387,6;7,5MG/ML + 9,1MCG/ML SOL INJ CX 10 EST FA VD TRANS X 20 ML
1029803500118;275;312,5;331,33;5,0MG/ML + 9,1MCG/ML SOL INJ CX 10 EST FA VD TRANS X 20ML.
1029803540071;73,51;83,53;88,57;20 MG CAP GEL DURA C/ MCGRAN CT BL AL PLAS BCO OPC X 28
1029803570027;126,74;144,02;152,7;20 MG/ML SOL INJ CX 10 EST FA VD TRANS X 20 ML
1029803570078;112,74;128,11;135,83;10 MG/ML SOL INJ CX 10 EST FA VD TRANS X 20 ML
1029803570094;159,6;184,43;197,22;20 MG/ML SOL INJ CX 50 CARP PLAS TRANS X 1,8 ML
1029803570108;108,64;123,45;130,89;100 MG/ML SOL SPR CT FR VD TRANS NEB X 50 ML
1029803570116;142,54;161,98;171,73;20 MG/G GEL ESTER CX 10 BG AL X 30 G + 10 APLIC
1029803570124;100,42;114,11;120,99;20 MG/ML SOL INJ CX 10 FA VD TRANS X 20 ML
1029803570167;178,12;202,41;214,6;20 MG/G GEL ESTER CX 10 SER PRENC PLAST TRANS X 10 G
1029803630038;117,31;133,31;141,34;0,1 MG/ML SOL INJ CX 50 ENVOL AMP VD AMB X 1 ML
1029803640017;10,2;11,59;12,29;10 MG COM REV CX BL AL PLAS TRANS X 30
1029803640025;3,19;3,63;3,84;10 MG COM REV CT BL AL PLAS TRANS X 10
1029803640041;10,2;11,59;12,29;10 MG COM REV CX BL AL PLAS PVDC TRANS X 30
1029803640051;3,19;3,63;3,84;10 MG COM REV CT BL AL PLAS PVDC TRANS X 10
1029803650020;29,22;33,2;35,2;20 MG/ML SOL INJ CX 10 AMP VD TRANS X 5 ML
1029803650047;122,37;139,06;147,43;20 MG/ML SOL INJ CX 40 EST PLAS X 1 AMP VD TRANS X 5 ML
1029803660026;34;39,29;42,01;80 MG COM CT BL AL PLAS INC X 2
1029803660034;68,04;78,63;84,08;80 MG COM CT BL AL PLAS INC X 4
1029803660042;238,13;275,18;294,26;80 MG COM CT BL AL PLAS INC X 20 (EMB FRAC)
1029803660050;153,07;176,89;189,15;80 MG COM CT BL AL PLAS TRANS X 10
1029803660069;459,24;530,69;567,5;80 MG COM CT BL AL PLAS TRANS X 30
1029803710015;1032,94;1173,8;1244,51;5000 UI/ML SOL INJ CX 25 FA VD INC X 5 ML
1029803710023;2065,93;2347,65;2489,07;5000 UI/ML SOL INJ CX 50 FA VD INC X 5 ML
1029803710031;206,59;234,76;248,9;5000 UI/0,25 ML SOL INJ CX 25 AMP VD INC X 0,25 ML
1029803710066;297,51;338,08;358,45;5000 UI/0,25 ML SOL INJ SC CX 36 AMP VD TRANS X 0,25 ML(EMB HOSP)
1029803730016;226,35;257,22;272,71;20 MG/0,2 ML SOL INJ CT 10 SER PREENCH X 0,2 ML
1029803730024;439,77;499,74;529,84;40 MG/0,4 ML SOL INJ CT 10 SER PREENCH X 0,4 ML
1029803730040;179,58;204,07;216,36;80 MG/0,8 ML SOL INJ CT 2 SER PREENCH X 0,8 ML
1029803740011;346,24;393,45;417,16;20 MG PO LIOF SOL INJ CX 50 FA VD TRANS + AMP DIL X 2 ML
1029803740021;693,98;788,61;836,12;40 MG PO LIOF SOL INJ CX 50 FA VD TRANS + AMP DIL X 2 ML
1029803750017;156,79;178,17;188,9;500 MG PO LIOF SOL INJ CT 5 FA VD TRANS + 5 DIL AMP VD TRANS X 5 ML
1029803770026;31,9;36,25;38,43;25 MG COM CT BL AL PLAS TRANS X 30
1029803770034;212,68;241,68;256,24;25 MG COM CX BL AL PLAS TRANS X 200 (EMB HOSP)
1029803770050;128,36;145,86;154,65;100 MG COM CT BL AL PLAS TRANS X 30
1029803780031;220,76;250,86;265,98;25 MG COM CX BL AL PLAS TRANS X 200
1029803780072;2274,97;2585,19;2740,93;100 MG COM CX BL AL PLAS TRANS X 450
1029803790019;122,22;141,24;151,03;100 MG COM REV CT BL AL PLAS TRANS X 14
1029803790027;219,92;254,14;271,76;200 MG COM REV CT BL AL PLAS TRANS X 14
1029803790035;244,5;282,54;302,14;100 MG COM REV CT BL AL PLAS TRANS X 28
1029803790043;1746,31;2018,01;2157,96;100 MG COM REV CX BL AL PLAS TRANS X 200 (EMB HOSP)
1029803790078;3141,69;3630,5;3882,27;200 MG COM REV CX BL AL PLAS TRANS X 200 (EMB HOSP)01
1029803790108;524,73;606,37;648,42;25 MG COM REV CX BL AL PLAS TRANS X 200 (EMB HOSP)
1029803790116;73,48;84,91;90,8;25 MG COM REV CT BL AL PLAS TRANS X 28
1029803800014;24,94;28,82;30,82;25 MG COM REV CT BL AL PLAS TRANS X 14
1029803800022;49,9;57,66;61,66;25 MG COM REV CT BL AL PLAS TRANS X 28
1029803800049;172,52;199,36;213,19;100 MG COM REV CT BL AL PLAS TRANS X 14
1029803800057;171,11;197,73;211,45;100 MG COM REV CT BL AL PLAS TRANS X 28
1029803800065;2464,96;2848,48;3046,02;100 MG COM REV CX BL AL PLAS TRANS X 200 (EMB HOSP)
1029803800073;310,43;358,73;383,61;200 MG COM REV CT BL AL PLAS TRANS X 14
1029803800081;306,1;353,73;378,26;200 MG COM REV CT BL AL PLAS TRANS X 28
1029803800091;4434,61;5124,58;5479,97;200 MG COM REV CX BL AL PLAS TRANS X 200 (EMB HOSP)
1029803800103;53,44;61,75;66,04;25 MG COM REV CT BL AL PLAS TRANS X 30
1029803800111;183,31;211,83;226,52;100 MG COM REV CT BL AL PLAS TRANS X 30
1029803800121;327,95;378,98;405,26;200 MG COM REV CT BL AL PLAS TRANS X 30
1029803800154;4788,61;5533,66;5917,42;300 MG COM REV CT BL AL PLAS PVC TRANS X 200
1029803840016;159,6;184,43;197,22;20 MG/ML + 0,04 MG/ML SOL INJ CX 50 CARP PLAS OPC X 1,8 ML USO PROFISSIONAL
1029803850021;234,88;266,91;282,99;50 MG/ML + 75 MG/ML SOL INJ CX 10 EST 5 AMP VD TRANS X 2 ML
1029803880018;934,67;1000;1100;300 MG COM REV FR PLAS OPC X 30
1029803900019;134,38;152,7;161,9;2,5 MG COM REV CT BL AL/AL X 14
1029803900043;206,4;234,55;248,67;5 MG COM REV CT BL AL/AL X 14
1029803900061;2948,65;3350,74;3552,59;5 MG COM REV CX BL AL/AL X 200 (EMB HOSP)
1029803900086;412,81;469,1;497,36;10 MG COM REV CT BL AL/AL X 14
1029803900108;5897,31;6701,49;7105,19;10 MG COM REV CX BL AL/AL X 200 (EMB HOSP)
1029803900116;287,96;327,23;346,94;2,5 MG COM REV CT BL AL/AL X 30
1029803900124;442,28;502,59;532,87;5 MG COM REV CT BL AL/AL X 30
1029803900132;884,59;1005,22;1065,77;10 MG COM REV CT BL AL/AL X 30
1029803900140;134,38;152,7;161,9;2,5 MG COM REV CT BL AL/AL X 14
1029803900159;268,74;305,39;323,78;2,5 MG COM REV CT BL AL/AL X 28
1029803900175;287,96;327,23;346,94;2,5 MG COM REV CT BL AL/AL X 30
1029803920087;98,41;111,83;118,57;5 MG COM REV CT BL AL PLAS TRANS X 28
1029803920095;105,41;119,78;127;5 MG COM REV CT BL AL PLAS TRANS X 30
1029803920109;702,96;798,82;846,94;5 MG COM REV CX BL AL PLAS TRANS X 200 (EMB HOSP)
1029803920117;878,69;998,51;1058,66;5 MG COM REV CX BL AL PLAS TRANS X 250 (EMB HOSP)
1029803920125;1757,38;1997,02;2117,32;5 MG COM REV CX BL AL PLAS TRANS X 500 (EMB HOSP)
1029803920206;48,78;55,43;58,77;10 MG COM REV CT BL AL PLAS TRANS X 10
1029803920214;136,58;155,2;164,55;10 MG COM REV CT BL AL PLAS TRANS X 28
1029803920222;146,33;166,28;176,3;10 MG COM REV CT BL AL PLAS TRANS X 30
1029803920230;975,69;1108,74;1175,53;10 MG COM REV CX BL AL PLAS TRANS X 200 (EMB HOSP)
1029803920249;1219,61;1385,92;1469,41;10 MG COM REV CX BL AL PLAS TRANS X 250 (EMB HOSP)
1029803920257;2439,25;2771,88;2938,85;10 MG COM REV CX BL AL PLAS TRANS X 500 (EMB HOSP)
1029803930211;339,67;385,99;409,24;10 MG COM REV CT BL AL PLAS TRANS X 30
1029803960011;249,18;283,16;300,22;20 MG COM REV CT BL AL AL X 30
1029803960021;249,18;283,16;300,22;20 MG COM REV CT FR PLAS OPC X 30
1029803980020;5003,69;5100,1;5200,2;100 MG COM REV CT BL AL PLAS TRANS X 60
1029803980039;16679,01;17000;17500;100 MG COM REV CX BL AL PLAS TRANS X 200
1029803980047;50036,98;55231,12;60011,27;100 MG COM REV CX BL AL PLAS TRANS X 600
1029803980055;10008,38;11236,93;12543,74;400 MG COM REV CT BL AL PLAS TRANS X 30
1029803980063;20016,78;21438,28;22548,16;400 MG COM REV CT BL AL PLAS TRANS X 60
1029803980071;66722,58;67326,38;68443,93;400 MG COM REV CX BL AL PLAS TRANS X 200
1029803980081;20167,72;24296,92;26395,32;400 MG COM REV CX BL AL PLAS TRANS X 600
1029804020012;1203,28;1367,36;1449,73;50 MG COM REV CT BL AL PLAS OPC X 56
1029804040013;161,74;183,8;194,87;2 MG/ML SOL INJ IV CT 5 AMP VD TRANS X 5 ML
1029804040021;646,98;735,2;779,49;2 MG/ML SOL INJ IV CX 20 AMP VD TRANS X 5 ML
1029804040031;317,03;360,26;381,96;2 MG/ML SOL INJ IV CT 5 AMP VD TRANS X 10 ML
1029804040048;1268,13;1441,06;1527,87;2 MG/ML SOL INJ IV CX 20 AMP VD TRANS X 10 ML
1029804070044;183,54;212,1;226,81;30MG/ML SOL INJ CX 50 CARP PLAS TRANS X 1,8 ML
1029804090029;183,37;208,38;220,93;0,5 MG COM OR CT FR VD AMB X 8
1029804100016;53,03;60,26;63,89;0,5 MG COM OR CT FR VD AMB X 2
1029804100024;183,39;208,4;220,95;0,5 MG COM OR CT FR VD AMB X 8
1029804110011;624,87;710,08;752,86;800MG COM REV CT FR PLAS OPC X 180
1029804120017;974,42;1107,3;1174;800 MG COM REV CT FR PLAS OPC X 180
1029804140018;41,41;47,06;49,89;2 MG PO LIOF SOL INJ IV CT 1 FA VD TRANS
1029804140026;207,03;235,26;249,43;2 MG PO LIOF SOL INJ IV CX 5 FA VD TRANS
1029804140034;94,47;107,35;113,82;5 MG PO LIOF SOL INJ IV CT 1 FA VD TRANS
1029804140042;472,35;536,76;569,1;5 MG PO LIOF SOL INJ IV CX 5 FA VD TRANS
1029804150013;425,48;438,17;441,26;4 MG PO LIOF SOL INJ IV CX FA VD AMB X 5 ML
1029804150021;1677,01;1701,24;1777,43;4 MG PO LIOF SOL INJ IV CX 4 FA VD AMB X 5 ML
1029804150031;4192,5;4208,36;4500,12;4 MG PO LIOF SOL INJ IV CX 10 FA VD AMB X 5 ML
1029804170014;529,31;601,49;637,72;200 MG COM REV CT BL AL PLAS TRANS X 2
1029804170022;2646,55;3007,44;3188,61;200 MG COM REV CT BL AL PLAS TRANS X 10
1029804170030;3705,15;4210,4;4464,04;200 MG COM REV CT BL AL PLAS TRANS X 14
1029804170049;7939,62;9022,3;9565,81;200 MG COM REV CT BL AL PLAS TRANS X 30
1029804200010;30,62;34,8;36,89;5 MG/ML SOL OFT CT FR GOT PLAS PEAD/PEBD OPC X 5 ML
1029804200029;765,11;869,44;921,82;5 MG/ML SOL OFT CX 25 FR GOT PLAS PEAD/PEBD OPC X 5 ML
1029804200037;1530,2;1738,86;1843,61;5 MG/ML SOL OFT CX 50 FR GOT PLAS PEAD/PEBD OPC X 5 ML
1029804210016;529,31;601,49;637,72;200 MG COM REV CT BL AL PLAS TRANS X 2
1029804210024;2884,98;3278,39;3475,88;200 MG COM REV CT BL AL PLAS TRANS X 10
1029804210032;3705,17;4210,42;4464,06;200 MG COM REV CT BL AL PLAS TRANS X 14
1029804210040;7939,26;9021,89;9565,37;200 MG COM REV CT BL AL PLAS TRANS X 30
1029804220011;41,41;47,06;49,89;2 MG PO LIOF SOL INJ IV CT 1 FA VD TRANS
1029804220021;207,03;235,26;249,43;2 MG PO LIOF SOL INJ IV CX 5 FA VD TRANS (EMB HOSP)
1029804220038;94,47;107,35;113,82;5 MG PO LIOF SOL INJ IV CT 1 FA VD TRANS
1029804220046;472,35;536,76;569,1;5 MG PO LIOF SOL INJ IV CX 5 FA VD TRANS (EMB HOSP)
1029804240012;170,96;194,27;205,98;5 MG/ML SOL OFT CX 25 FR PLAS OPC GOT X 5 ML (EMB HOSP)
1029804240020;341,9;388,52;411,93;5 MG/ML SOL OFT CX 50  FR PLAS OPC GOT X 5 ML (EMB HOSP)
1029804240039;8,58;9,75;10,34;5 MG/ML SOL OFT CT FR PLAS OPC GOT X 5 ML
1029804250018;109,16;124,05;131,52;150 MG COM CT BL AL AL X 1
1029804250026;218,33;248,1;263,05;150 MG COM CT BL AL AL X 2
1029804250034;327,5;372,16;394,58;150 MG COM CT BL AL AL X 3
1029804250042;654,99;744,31;789,14;150 MG COM CT BL AL AL X 6
1029804250050;1310;1488,64;1578,31;150 MG COM CT BL AL AL X 12
1029804250069;1964,99;2232,94;2367,46;150 MG COM CT BL AL AL X 18
1029804250077;2619,98;2977,25;3156,6;150 MG COM CT BL AL AL X 24
1029804300015;112,53;127,88;135,58;500 MG COM REV CT BL AL PLAS TRANS X 10
1029804300023;225,07;255,76;271,17;500 MG COM REV CT BL AL PLAS TRANS X 20
1029804300031;337,57;383,6;406,71;500 MG COM REV CT BL AL PLAS TRANS X 30
1029804300041;450,12;511,5;542,31;500 MG COM REV CT BL AL PLAS TRANS X 40
1029804300058;562,66;639,39;677,9;500 MG COM REV CT BL AL PLAS TRANS X 50
1029804300066;5626,71;6393,99;6779,17;500 MG COM REV CT BL AL PLAS TRANS X 500
1029804310029;13,06;15,09;16,14;0,6 U/G POM DERM CT 01 BG AL X 10 G + ESP PLAS
1029804310045;39,9;46,11;49,31;0,6 U/G POM DERM CT 01 BG AL X 30 G + ESP PLAS
1029804310053;65,96;76,22;81,51;0,6 U/G POM DERM CT 01 BG AL X 50 G + ESP PLAS
1029804310096;395,74;457,31;489,03;0,6 U/G POM DERM CT 10 BG AL X 30 G + ESP PLAS
1029804320016;147,23;167,31;177,39;500 MG COM REV CT BL AL PLAS TRANS X 10
1029804320024;294,48;334,64;354,8;500 MG COM REV CT BL AL PLAS TRANS X 20
1029804320032;441,71;501,94;532,18;500 MG COM REV CT BL AL PLAS TRANS X 30
1029804320040;588,95;669,26;709,58;500 MG COM REV CT BL AL PLAS TRANS X 40
1029804320059;736,2;836,59;886,99;500 MG COM REV CT BL AL PLAS TRANS X 50
1029804320067;7361,94;8365,84;8869,81;500 MG COM REV CT BL AL PLAS TRANS X 500
1029804330011;114,47;130,08;137,92;500MG PO LIOF SOL INFUS CT 1 FA VD TRANS
1029804330021;1144,92;1301,05;1379,42;500MG PO LIOF SOL INFUS CT 10 FA VD TRANS
1029804350012;176,13;200,15;212,2;500MG PO LIOF SOL INFUS CT 1 FA VD TRANS
1029804350020;1761,39;2001,58;2122,16;500MG PO LIOF SOL INFUS CT 10 FA VD TRANS
1029804360018;1235,95;1301,23;1322,32;200 MG + 50 MG COM REV CT FR PLAS OPC X 120
1029804370013;52,43;54,37;56,58;100 MG COM REV CT FR PLAS OPC X 30
1029804440011;178,79;203,17;215,41;1,60 MG/ML SOL INFUS IV CT ENVOL BOLS PLAS PP TRANS SIST FECH X 250ML
1029804450017;28,53;32,42;34,37;25 MG COM REV CT BL AL AL X 60
1029804450025;57,08;64,86;68,77;50 MG COM REV CT BL AL AL X 60
1029804450033;115,3;131,02;138,92;100 MG COM REV CT BL AL AL X 60
1029804450041;5,69;6,47;6,86;25 MG COM REV CT BL AL AL X 12
1029804470018;89,98;102,25;108,41;1 MG/ML SOL INJ IV CT 5 EST X AMP VD TRANS X 5 ML
1029804470026;179,97;204,51;216,83;1 MG/ML SOL INJ IV CT 10 EST X AMP VD TRANS X 5 ML
1029804480013;139,29;158,28;167,82;1 MG/ML SOL INJ IV CT 5 EST X AMP VD TRANS X 5 ML
1029804480021;278,58;316,57;335,64;1 MG/ML SOL INJ IV CT 10 EST X AMP VD TRANS X 5 ML
1029804490108;24,44;27,77;29,45;37,5 MG CAP DURA LIB PROL CT BL AL PLAS TRANS X 30
1029804490124;57,25;65,06;68,98;75 MG CAP DURA LIB PROL CT BL AL PLAS TRANS X 30
1029804490140;81,16;92,23;97,78;150 MG CAP DURA LIB PROL CT BL AL PLAS TRANS X 30
1029804490167;8,15;9,26;9,82;37,5 MG CAP DURA LIB PROL CT BL AL PLAS TRANS X 10
1029804490175;19,08;21,68;22,99;75 MG CAP DURA LIB PROL CT BL AL PLAS TRANS X 10
1029804500014;15,62;17,75;18,82;0,375MG COM LIB PROL CT BL AL AL X 10
1029804500022;46,86;53,25;56,46;0,375MG COM LIB PROL CT BL AL AL X 30
1029804500049;29,24;33,23;35,23;0,750MG COM LIB PROL CT BL AL AL X 10
1029804500057;87,74;99,7;105,71;0,750MG COM LIB PROL CT BL AL AL X 30
1029804500081;175,49;199,42;211,43;1,50MG COM LIB PROL CT BL AL AL X 30
1029804520015;899,79;1022,49;1084,08;200 MG PO LIOF SOL INJ INFUS IV CT 1 FA VD TRANS
1029804520023;8998,05;10225,06;10841,02;200 MG PO LIOF SOL INJ INFUS IV CX 10 FA VD TRANS
1029804520031;12597,29;14315,11;15177,45;200 MG PO LIOF SOL INJ INFUS IV CX 14 FA VD TRANS
1029804520041;25194,56;28630,19;30354,88;200 MG PO LIOF SOL INJ INFUS IV CX 28 FA VD TRANS
1029804530037;9,59;10,9;11,55;100 MG COM CT BL AL PLAS PVC AMB X 30
1029804530101;31,98;36,34;38,53;100 MG COM CT BL AL PLAS PVC AMB X 100
1029804530118;63,98;72,7;77,08;100 MG COM CT BL AL PLAS PVC AMB X 200
1029804540024;235,01;267,06;283,14;15 MG COM CT BL AL X AL X 30
1029804540032;157,32;178,77;189,54;10 MG COM CT BL AL X AL X 30
1029804540067;3916,82;4450,93;4719,06;15 MG COM CT BL AL X AL X 500
1029804550011;53,69;61,01;64,69;10 MG COM REV CT STR AL X 20
1029804550021;80,52;91,5;97,01;10 MG COM REV CT STR AL X 30
1029804560017;1384,14;1572,89;1667,64;200 MG PO LIOF SOL INJ INFUS IV CT 1 FA VD TRANS
1029804560025;13841,36;15728,82;16676,33;200 MG PO LIOF SOL INJ INFUS IV CX 10 FA VD TRANS
1029804560033;19377,91;22020,36;23346,87;200 MG PO LIOF SOL INJ INFUS IV CX 14 FA VD TRANS
1029804560041;38755,8;44040,7;46693,72;200 MG PO LIOF SOL INJ INFUS IV CX 28 FA VD TRANS
1029804600019;18,19;20,67;21,92;10 MG COM REV CT BL AL PLAS TRANS X 7
1029804600035;38,96;44,27;46,94;10 MG COM REV CT BL AL PLAS TRANS X 15
1029804600051;52,73;59,92;63,53;10 MG COM REV CT BL AL PLAS TRANS X 30
1029804600061;105,42;119,8;127,01;10 MG COM REV CT BL AL PLAS TRANS X 60
1029804620028;79,59;90,44;95,89;0,3 MG/ML SOL OFT CT FR PLAS OPC GOT X  3 ML
1029804630023;91,15;103,58;109,82;0,04 MG/ML SOL OFT CT FR GOT PLAS OPC X 2,5 ML
1029804650016;29,05;33,57;35,9;50 MG COM REV LIB PROL CT BL PLAS TRANS AL X 10
1029804650024;93,91;108,52;116,05;50 MG COM REV LIB PROL CT BL PLAS TRANS AL X 30
1029804660011;548,37;623,15;660,69;100 MCG/ML SOL INJ IV CX 5 FA VD TRANS X 2 ML
1029804670017;192,03;218,22;231,36;2 MG/ML SOL INFUS IV CT ENVOL BOLS PLAS PP TRANS SIST FECH X 300 ML
1029804670025;1920,26;2182,11;2313,57;2 MG/ML SOL INFUS IV CX ENVOL 10 BOLS PLAS PP TRANS SIST FECH X 300 ML
1029804690018;653,91;743,08;787,84;100 MCG/ML SOL INJ CX 5 FA VD TRANS X 2 ML
1029804690026;3269,58;3715,43;3939,25;100 MCG/ML SOL INJ CX 25 FA VD TRANS X 2 ML
1029804690042;3269,58;3715,43;3939,25;100 MCG/ML SOL INJ CX 25 AMP VD TRANS X 2 ML
1029804700031;2993,01;3401,15;3606,04;10 MG/ML SOL INFUS IV CX 5 ENVOL BOLS PLAS PP TRANS SIST FECH X 250 ML
1029804710019;236,64;268,91;285,11;2 MG/ML SOL INFUS IV CX 1 ENV X BOLS PLAS TRANS SIST FECH X 300 ML
1029804710027;2366,34;2689,02;2851,01;2 MG/ML SOL INFUS IV CX 10 ENV X BOLS PLAS TRANS SIST FECH X 300 ML
1029804720014;30,08;34,18;36,24;50 MG COM REV LIB PROL CT BL AL PLAS TRANS PVDC X 7
1029804720057;128,92;146,5;155,33;50 MG COM REV LIB PROL CT BL AL PLAS TRANS PVDC X 30
1029804720111;144,52;164,23;174,12;100 MG COM REV LIB PROL CT BL AL PLAS TRANS PVDC X 30
1029804750010;703,21;812,62;868,98;30 MG COM REV CT FR PLAS OPC X 30
1029804750029;1390,7;1607,08;1718,53;60 MG COM REV CT FR PLAS OPC X 30
1029804780017;23,33;26,51;28,11;20 MG/ML SOL OFT CT FR GOT PLAS TRANS X 10 ML
1029804790020;19,37;22,38;23,94;4 MG/ML SOL OFT CT FR GOT PLAS OPC X 10 ML
1029804800018;12,14;14,03;15;10 MG/ML SOL OFT CT FR GOT PLAS TRANS X 5 ML
1029804810013;29,62;34,23;36,6;10 MG/ML SUS OFT CT FR GOT PLAS OPC X 5 ML
1029804820019;11,83;13,67;14,62;(0,1 + 17) MG/ML SOL OFT CT FR GOT PLAS TRANS  X 10 ML
1029804830022;24,64;28,47;30,45;1 MG/ML SUS OFT CT FR GOT PLAS TRANS X 5 ML
1029804840028;14,16;16,36;17,5;(1,0 + 3,0) MG/ML SOL OFT CT FR GOT PLAS TRANS X 15 ML
1029804850015;22,37;25,42;26,95;1 MG/ML SOL OFT CT FR GOT PLAS OPC X 5 ML
1029804860010;27,55;31,31;33,19;(3,5 + 1) MG/G POM OFT CT BG AL X 3,5 G
1029804860029;25,06;28,48;30,19;(3,5 + 1,0) MG/ML SUS OFT CT FR GOT PLAS OPC X 5 ML
1029804870016;13,3;15,37;16,44;5,0 MG/ML SOL OFT CT FR GOT PLAS OPC X 5 ML
1029804870024;39,02;45,09;48,22;5,0 MG/ML SOL OFT CT FR GOT PLAS OPC X 15 ML
1029804880038;9,85;11,38;12,17;(0,5 + 4,0) MG/ML SOL OFT CT FR GOT PLAS OPC X 10 ML
1029804890017;17,49;19,88;21,07;3,5 MG/ML SOL OFT CT FR GOT PLAS OPC X 5 ML
1029804890025;22,43;25,49;27,02;3,5 MG/G POM OFT CT BG AL X 3,5 G
1029804900012;7,56;8,74;9,34;10 MG/ML SOL OFT CT FR GOT PLAS TRANS X 5 ML
1029804910018;22,94;26,07;27,64;5 MG/ML SOL OFT CT FR GOT PLAS OPC X 5 ML
1029804910026;37,59;42,72;45,29;5 MG/ML SOL OFT CT FR GOT PLAS OPC X 10 ML
1029804920013;28,74;32,66;34,63;3 MG/ML SOL OFT CT FR GOT PLAS OPC X 5 ML
1029804930019;9,71;11,22;12;10.000 UI/G + 25 MG/G + 5 MG/G + 5 MG/G POM OFT CT BG AL X 3,5 G
1029804940014;27,17;30,88;32,73;3 MG/G POM OFT CT BG AL X 3,5 G
1029804940022;14,02;15,93;16,89;3 MG/ML SOL OFT CT FR GOT PLAS TRANS X 5 ML
1029804950011;20,55;23,35;24,76;5,0 MG/ML SOL OFT CT FR GOT PLAS OPC X 5 ML
1029804960015;28,45;32,33;34,28;10 MG COM REV CT BL AL PLAS PVDC TRANS X 7
1029804960066;121,96;138,59;146,94;10 MG COM REV CT BL AL PLAS  PVDC TRANS X 30
1029804960074;243,91;277,17;293,87;10 MG COM REV CT BL AL PLAS PVDC TRANS X 60
1029804960155;275,76;313,36;332,24;20 MG COM REV CT BL AL PLAS PVDC TRANS X 30
1029804970037;201,76;229,27;243,08;200 MG PO LIOF SOL INJ CT FA VD TRANS X 10 ML
1029804970045;996,06;1131,89;1200,07;1 G PO LIOF SOL INJ CT FA VD TRANS X 50 ML
1029804980016;7595,72;8631,5;9151,47;500 MG PO LIOF CT FA VD TRANS X 50 ML
1029804980024;835,01;948,88;1006,04;100 MG PO LIOF CT FA VD TRANS X 10 ML
1029805020016;30,16;34,27;36,34;150 MG COM REV LIB LENTA CT BL AL/AL X 12
1029805020024;83,22;94,57;100,27;150 MG COM REV LIB LENTA CT BL AL/AL X 30
1029805020032;160,58;182,48;193,47;150 MG COM REV LIB LENTA CT BL AL/AL X 60
1029805030011;14,9;17,22;18,41;(4,0 + 3,0 + 1,8) MG/ML SOL OFT CT FR PLAS OPC GOT X 5 ML
1029805030038;33,81;39,07;41,78;(4,0 + 3,0 + 1,8) MG/ML SOL OFT CT FR PLAS OPC GOT X 15 ML
1029805040017;19,42;22,44;24;5 MG/ML SOL OFT CT FR PLAS OPC GOT X 5 ML
1029805040033;48,97;56,59;60,51;5 MG/ML SOL OFT CT FR PLAS OPC GOT X 15 ML
1029805050039;20,74;23,97;25,63;0,6 U/G + 0,01 G/G POM DERM CT 01 BG AL X 15 G + ESP PLAS
1029805050047;41,46;47,91;51,23;0,6 U/G + 0,01 G/G POM DERM CT 01 BG AL X 30 G + ESP PLAS
1029805050055;69,1;79,85;85,39;0,6 U/G + 0,01 G/G POM DERM CT 01 BG AL X 50 G + ESP PLAS
1029805050063;42,06;48,6;51,97;0,6 U/G + 0,01 G/G POM GINEC CT BG AL X 30 G + 6 APLIC
1029805050101;414,56;479,06;512,28;0,6 U/G + 0,01 G/G POM DERM CT 10 BG AL X 30 G + ESP PLAS (EMB HOSP)
1029805070013;23,53;27,19;29,08;22400 UI COM REV CT BL AL PLAS OPC X 1
1029805080231;87,95;99,94;105,96;40 MG SOL INJ CT 2 SER PREENC VD TRANS GRAD X 0,4 ML + SIST SEGURANA
1029805080248;134,8;153,18;162,41;60 MG SOL INJ CT 2 SER PREENC VD TRANS GRAD X 0,6 ML + SIST SEGURANA
1029805080256;179,58;204,07;216,36;80 MG SOL INJ CT 2 SER PREENC VD TRANS GRAD X 0,8 ML + SIST SEGURANA
1029805080371;439,77;499,74;529,84;40 MG SOL INJ CT 10 SER PREENC VD TRANS GRAD X 0,4 ML + SIST SEGURANA
1029805080388;674;765,91;812,05;60 MG SOL INJ CT 10 SER PREENC VD TRANS GRAD X 0,6 ML + SIST SEGURANA
1029805080396;897,88;1020,32;1081,78;80 MG SOL INJ CT 10 SER PREENC VD TRANS GRAD X 0,8 ML + SIST SEGURANA
1029805080469;45,28;51,45;54,55;20 MG SOL INJ CT 2 SER PREENC VD TRANS GRAD X 0,2 ML + SIST SEGURANA
1029805080485;226,35;257,22;272,71;20 MG SOL INJ CT 10 SER PREENC VD TRANS GRAD X 0,2 ML + SIST SEGURANA
1029805080493;268,6;305,23;323,61;40 MG SOL INJ CT 6 SER PREENC VD TRANS GRAD X 0,4 ML + SIST SEGURANA
1029805080507;134,3;152,61;161,81;20 MG SOL INJ CT 6 SER PREENC VD TRANS GRAD X 0,2 ML + SIST SEGURANA
1029805090014;454,08;516;547,08;4 UI P LIOF SOL INJ CT FA VD TRANS + FA VD TRANS DIL X 1 ML
1029805090049;1362,25;1548,01;1641,26;12 UI P LIOF SOL INJ CT FA VD TRANS + FA VD TRANS DIL X 1 ML
1029805090073;1816,33;2064,01;2188,35;16 UI P LIOF SOL INJ CT FA VD TRANS + FA VD TRANS DIL X 1 ML
1029805090103;3405,63;3870,04;4103,17;30 UI P LIOF SOL INJ CT FA VD TRANS + FA VD TRANS DIL X 1,9 ML
1029805100011;21,95;25,37;27,12;5 MG COM CT BL AL PLAS PVC TRANS X 30
1029805100028;43,89;50,72;54,24;5 MG COM CT BL AL PLAS PVC TRANS X 60
1029805170018;949,83;1097,61;1173,73;300 MG + 300 MG COM REV CT FR PLAS PEAD OPC X 30
1029805170026;47519,45;54912,91;58721,11;300 MG + 300 MG COM REV CX 50 FR PLAS PEAD OPC X 30
1029805180021;50,07;56,9;60,33;20 MG COM REV CT BL AL PLAS PVC/PVDC TRANS X 20
1029805180031;75,12;85,36;90,51;20 MG COM REV CT BL AL PLAS PVC/PVDC TRANS X 30
1029805180048;500,81;569,1;603,39;20 MG COM REV CX BL AL PLAS PVC/PVDC TRANS X 200
1029805190019;94,66;107,57;114,05;40 MG PO LIOF SOL INJ IV CT FA VD AMB + DIL AMP VD AMB  X 10 ML
1029805200014;6,9;7,84;8,31;0,5 MG COM CT BL AL PLAS TRANS X 20
1029805200022;69,37;78,83;83,58;0,5 MG COM CX BL AL PLAS TRANS X 200
1029805200030;11,94;13,57;14,39;2 MG COM CT BL AL PLAS TRANS X 20
1029805200049;119,56;135,86;144,05;2 MG COM CX BL AL PLAS TRANS X 200
1029805210011;15,64;17,77;18,84;12,5 MG COM LIB MOD CT BL AL PLAS PVC/PVDC/PCTFE TRANS X 10
1029805210036;46,95;53,35;56,57;12,5 MG COM LIB MOD CT BL AL PLAS PVC/PVDC/PCTFE TRANS X 30
1029805210044;31,29;35,56;37,7;25 MG COM LIB MOD CT BL AL PLAS PVC/PVDC/PCTFE TRANS X 10
1029805210060;93,9;106,7;113,13;25 MG COM LIB MOD CT BL AL PLAS PVC/PVDC/PCTFE TRANS X 30
1029805250011;33,91;38,53;40,86;75 MG CAP DURA CT BL AL PLAS PVC/PVDC TRANS X 10
1029805250054;101,74;115,61;122,58;75 MG CAP DURA CT BL AL PLAS PVC/PVDC TRANS X 30
1029805250062;57;64,77;68,67;150 MG CAP DURA CT BL AL PLAS PVC/PVDC TRANS X 10
1029805250100;170,98;194,3;206;150 MG CAP DURA CT BL AL PLAS PVC/PVDC TRANS X 30
1029805260017;5,01;5,69;6,04;0,125 MG COM CT BL AL AL X 10
1029805260025;15,03;17,08;18,11;0,125 MG COM CT BL AL AL X 30
1029805260041;10;11,36;12,05;0,25 MG COM CT BL AL AL X 10
1029805260051;30,02;34,11;36,17;0,25 MG COM CT BL AL AL X 30
1029805260076;100,14;113,8;120,65;0,25 MG COM CT BL AL AL X 100
1029805260084;40,06;45,52;48,27;1 MG COM CT BL AL AL X 10
1029805260092;120,18;136,57;144,8;1 MG COM CT BL AL AL X 30
1029805280026;493,64;560,95;594,75;40 MG P LIOF SOL INJ IV CT 10 FA VD TRANS
1029805290013;28,7;33,17;35,47;1 MG/ML SOL OFT CT FR GOT PLAS PE OPC X 5ML
1029805290021;37,82;43,7;46,74;1 MG /ML SOL OFT CT FR GOT PLAS PE OPC X 10ML
1029805290031;30,61;35,37;37,83;2 MG/ML SOL OFT CT FR GOT PLAS PE OPC X 5ML
1029805290048;40,32;46,59;49,82;2 MG/ML SOL OFT CT FR GOT PLAS PE OPC X 10ML
1029805300019;52,45;59,6;63,19;10 MG COM CT BL AL AL X 10
1029805300027;157,32;178,77;189,54;10 MG COM CT BL AL AL X 30
1029805300043;78,34;89,02;94,39;15 MG COM CT BL AL AL X 10
1029805300051;235,01;267,06;283,14;15 MG COM CT BL AL AL X 30
1029805320011;145,81;165,69;175,67;9 MG/ML + 50 MG/ML SOL INJ IV CX 40 BOLS PLAS TRANS SIS FECH X 250ML
1029805320028;141,92;161,27;170,99;9 MG/ML + 50 MG/ML SOL INJ IV CX 20 BOLS PLAS TRANS SIS FECH X 500ML
1029805320036;129,71;147,4;156,28;9 MG/ML + 50 MG/ML SOL INJ IV CX 12 BOLS PLAS TRANS SIS FECH X 1000ML
1029805320044;145,81;165,69;175,67;9 MG/ML + 50 MG/ML SOL INJ IV CX 40 FR PLAS TRANS SIS FECH X 250ML
1029805320052;135,86;154,39;163,69;9 MG/ML + 50 MG/ML SOL INJ IV CX 20 FR PLAS TRANS SIS FECH X 500ML
1029805320060;124,2;141,14;149,64;9 MG/ML + 50 MG/ML SOL INJ IV CX 12 FR PLAS TRANS SIS FECH X 1000ML
1029805340029;405,38;460,66;488,41;200 MG/ML SOL INJ IV CX 40 BOLS PLAS TRANS SIST FECH X 250 ML
1029805340037;405,38;460,66;488,41;200 MG/ML SOL INJ IV CX 40 FR PLAS TRANS SIST FECH X 250 ML
1029805350032;66,92;77,33;82,69;120 MG/ML SOL RET CX 40 FR PLAS TRANS X 250 ML + 40 APLIC
1029805350040;80,28;92,77;99,2;120 MG/ML SOL RET CX 24 FR PLAS TRANS X 500 ML + 24 APLIC
1029805370017;865,33;983,33;1042,57;2 MG/ ML SOL INJ INFUS IV CT 06 BOLS PLAS TRILAM TRANS  SIST FECH X 100 ML
1029805380012;229,84;261,18;276,92;100 MG/ML SOL INJ IV CX 40 BOLS PLAS SIST FECH X 250 ML
1029805380020;165,14;187,66;198,96;100 MG/ML SOL INJ IV CX 20 BOLS PLAS SIST FECH X 500 ML
1029805380039;140,36;159,5;169,11;100 MG/ML SOL INJ IV CX 12 BOLS PLAS SIST FECH X 1000 ML
1029805380055;206,21;234,33;248,45;50 MG/ML SOL INJ IV 40 BOLS PLAS SIST FECH X 250 ML
1029805380063;130,89;148,74;157,7;50 MG/ML SOL INJ IV 20 BOLS PLAS SIST FECH X 500 ML
1029805380071;107,24;121,86;129,2;50 MG/ML SOL INJ IV 12 BOLS PLAS SIST FECH X 1000 ML
1029805380098;197,41;224,33;237,84;50 MG/ML SOL INJ IV CX 40 FR PLAS TRANS SIST FECH X 250 ML
1029805380101;125,29;142,38;150,95;50 MG/ML SOL INJ IV CX 20 FR PLAS TRANS SIST FECH X 500 ML
1029805380111;102,68;116,68;123,71;50 MG/ML SOL INJ IV CX 12 FR PLAS TRANS SIST FECH X 1000 ML
1029805380128;220,04;250,05;265,11;100 MG/ML SOL INJ IV CX 40 FR PLAS TRANS SIST FECH X 250 ML
1029805380136;158,12;179,68;190,51;100 MG/ML SOL INJ IV CX 20 FR PLAS TRANS SIST FECH X 500 ML
1029805380144;134,41;152,74;161,94;100 MG/ML SOL INJ IV CX 12 FR PLAS TRANS SIST FECH X 1000 ML
1029805380152;448,04;509,14;539,81;50 MG/ML SOL INJ IV CX 80 BOLS PLAS SIST FECH X 100ML
1029805390115;268,42;305,02;323,4;SOL INJ IV CX 40 FR PLAS TRANS SIST FECH X 250ML
1029805390123;148,91;169,22;179,41;SOL INJ IV CX 20 FR PLAS TRANS SIST FECH X 500ML
1029805390131;124,5;141,48;150;SOL INJ IV CX 12 FR PLAS TRANS SIST FECH X 1000ML
1029805400013;463,13;526,28;557,99;9 G/L SOL INJ IV CX 80 BOLS PLAS SIST FECH X 100 ML
1029805400021;199,45;226,65;240,3;9 G/L SOL INJ IV CX 40 BOLS PLAS SIST FECH X 250 ML
1029805400031;119,73;136,06;144,25;9 G/L SOL INJ IV CX 20 BOLS PLAS SIST FECH X 500 ML
1029805400048;97,85;111,19;117,89;9 G/L SOL INJ IV CX 12 BOLS PLAS SIST FECH X 1000 ML
1029805400072;177,77;202,01;214,18;9 G/L SOL INJ IV CX 40 FR PLAS TRANS SIST FECH X 250 ML
1029805400080;106,71;121,26;128,57;9 G/L SOL INJ IV CX 20 FR PLAS TRANS SIST FECH X 500 ML
1029805410035;135,8;154,32;163,61;SOL INJ IV CX 20 BOLS PLAS SIST FECH X 500 ML
1029805410043;122,38;139,07;147,45;SOL INJ IV CX 12 BOLS PLAS SIST FECH X 1000 ML
1029805410051;135,8;154,32;163,61;SOL INJ CX 20 FR PLAS TRANS SIST FECH X 500 ML
1029805410061;122,38;139,07;147,45;SOL INJ CX 12 FR PLAS TRANS SIST FECH X 1000 ML
1029805430036;16,7;18,98;20,12;300 MG COM REV CT BL AL PLAS PVC/PVDC TRANS X 14
1029805430044;35,81;40,69;43,14;300 MG COM REV CT BL AL PLAS PVC/PVDC TRANS X 30
1029805430087;15,18;17,25;18,29;400 MG COM REV CT BL AL PLAS PVC/PVDC TRANS X 10
1029805430095;30,37;34,51;36,59;400 MG COM REV CT BL AL PLAS PVC/PVDC TRANS X 20
1029805470011;1667,28;1894,64;2008,77;20 MG/ML SOL DIL INFUS CT FA VD AMB X 5 ML
1029805530014;4194,19;4766,13;5053,24;20 MG/ML SOL DIL INFUS IV CX FA VD TRANS X 4 ML
1029805550023;487,75;554,26;587,65;2 MG/ML SOL INFUS EPI CX 5 ENVOL BOLS PLAS TRANS SIST FECH X 100 ML
1029805560061;11,8;13,41;14,22;300 MG COM CT BL AL PLAS PVC/PVDC TRANS X 25
1029805560088;28,31;32,17;34,11;300 MG COM CT BL AL PLAS PVC/PVDC TRANS X 60
1029805560096;94,36;107,23;113,69;300 MG COM CT BL AL PLAS PVC/PVDC TRANS X 200
1029805570040;24,48;27,82;29,49;4 MG/ML SOL OFT CT FR GOT PLAS PEAD/PEBD OPC X 5 ML
1029805580021;1237,47;1406,22;1490,93;4 MCG/ML SOL INFUS IV CX 5 ENVOL BOLS PLAS TRANS SIST FECH X 100 ML
1029805590017;42,08;47,82;50,7;10 MG/G CREM DERM PT PLAS X 100 G
1029805590025;93,28;106;112,39;10 MG/G CREM DERM PT PLAS X 400 G
1029805590092;23,51;26,72;28,33;10 MG/G CREM DERM CT BG PLAS OPC X 30 G
1029805590114;704,73;800,83;849,07;10 MG/G CREM DERM CX 60 BG PLAS OPC X 30 G
1029805590122;31,84;36,18;38,36;10 MG/G CREM DERM CT BG PLAS OPC X 50 G
1029805590149;1174,72;1334,91;1415,32;10 MG/G CREM DERM CX 60 BG PLAS OPC X 50 G
1029805590157;46,21;52,51;55,67;10 MG/G CREM DERM CT BG PLAS OPC X 100 G
1029805590297;27,91;31,72;33,63;10 MG/G CREM VAG CT BG PLAS OPC X 30 G + 6 APLIC
1029805600012;52,63;60,82;65,04;1% + 0,4% CREM DERM CT BG PLAS OPC X 50 G
1029805600020;103,33;119,41;127,69;1% + 0,4% CREM DERM CT BG PLAS OPC X 120 G
1029805600039;419,94;485,28;518,93;1% + 0,4% CREM DERM CX PT PLAS X 400 G
1029805600055;37,81;43,69;46,72;1% + 0,4%  CREM DERM CT BG PLAS OPC X 30 G
1029805600144;15,78;18,24;19,5;1% + 0,4% GEL CT BG PLAS OPC X 15G
1029805600268;1012,07;1169,54;1250,64;1% + 0,4% CREM DERM CX 60 BG PLAST OPC X 30 G
1029805600284;1686,79;1949,23;2084,41;1% + 0,4% CREM DERM CX 60 BG PLAST OPC X 50 G
1029805610018;2205,29;2211,32;2250,12;0,05 MG/ML SOL INFUS IV CT FR PLAS TRANS X 100 ML
1029805640014;379,95;401,65;413,26;4 MG SOL INFUS IV CT FR PLAS TRANS X 100 ML
1029805670010;3681,41;4183,42;4435,43;3,5 MG PO LIOF SOL INJ IV/SC CT ENVOL FA VD TRANS
1029805680016;436,85;496,42;526,33;500.000 UI PO LIOF SOL INJ  IM/IV/IT CX 5 FA VD TRANS
1029805700025;3377,14;3837,66;4068,84;100 MG/ML SOL INJ/DIL INFUS IV CX 10 FA VD TRANS X 2 ML
1029805730013;205,49;233,51;247,58;500 MG CAP DURA CT FR VD AMB X 100
1029900020087;295,2;339,66;362,41;(0,18 ML + 4 MG)/ML SOL OR CX 24 FLAC PLAS AMB X 15 ML
1031100050031;160,11;185,02;197,85;120 MG/ML SOL RET CX 20 BOLS PLAS PE TRANS X 500 ML + 20 APLIC
1031100050048;200,17;231,31;247,36;120 MG/ML SOL RET CX 25 BOLS PLAS PE TRANS X 500 ML + 25 APLIC
1031100090503;6,7;7,61;8,07;8,6 + 0,3 + 0,33 MG/ML SOL INJ IV BOLS PP TRANS SIST FECH X 500 ML
1031100090538;10,09;11,47;12,16;8,6 + 0,3 + 0,33 MG/ML SOL INJ IV BOLS PP TRANS SIST FECH X 1000 ML
1031100090554;201,21;228,65;242,42;8,6 + 0,3 + 0,33 MG/ML SOL INJ IV CX 30  BOLS PP TRANS SIST FECH X 500 ML
1031100090562;151,44;172,09;182,46;8,6 + 0,3 + 0,33 MG/ML SOL INJ IV CX 15 BOLS PP TRANS SIST FECH X 1000 ML
1031100110040;363,88;413,5;438,41;9 MG/ML SOL INJ IV CX 72 BOLS PVC TRANS SIST FECH X 50 ML
1031100110172;106,26;120,75;128,02;200 MG/ML SOL INJ IV CX 200 AMP PLAS TRANS X 10 ML
1031100110180;187,54;213,11;225,95;200 MG/ML SOL INJ IV CX 200 AMP PLAS TRANS X 20 ML
1031100110423;287,84;327,09;346,8;9 MG/ML SOL INJ IV CX 60 BOLS PVC TRANS SIST FECH  X 100 ML+ ACESSRIO
1031100110431;364,16;413,82;438,75;9 MG/ML SOL INJ IV CX 60 BOLS PP TRANS SIST FECH X 100 ML + ACESSRIO
1031100110725;113,4;128,86;136,63;9 MG/ML SOL INJ IV CX 20 BOLS PP TRANS SIST FECH X 1000 ML(COM 500 ML)
1031100111179;5,97;6,78;7,19;9 MG/ML SOL INJ IV BOLS PP TRANS SIST FECH X 100 ML
1031100111209;5,08;5,77;6,12;9 MG/ML SOL INJ IV BOLS PP TRANS SIST FECH 250 ML
1031100111233;6,09;6,92;7,34;9 MG/ML SOL INJ IV BOLS PP TRANS SIST FECH X 500 ML
1031100111268;8,28;9,41;9,98;9 MG/ML SOL INJ IV BOLS PP TRANS SIST FECH X 1000 ML
1031100111632;642,73;730,38;774,37;9 MG/ML SOL INJ IV CX 120 BOLS PVC TRANS SIST FECH X 50 ML
1031100111640;712,07;809,17;857,92;9 MG/ML SOL INJ IV CX 150 BOLS PP TRANS SIST FECH X 50 ML
1031100111667;481,72;547,41;580,39;9 MG/ML SOL INJ IV CX 80 BOLS PP TRANS SIST FECH X 100 ML + ACESSRIO
1031100111675;599,66;681,43;722,48;9 MG/ML SOL INJ IV CX 100 BOLS PP TRANS SIST FECH X 100 ML
1031100111683;254,53;289,24;306,66;9 MG/ML SOL INJ IV CX 50 BOLS PP TRANS SIST FECH X 250 ML
1031100111691;179,86;204,39;216,7;9 MG/ML SOL INJ IV CX 30 BOLS PP TRANS SIST FECH X 500 ML
1031100111705;124,54;141,52;150,05;9 MG/ML SOL INJ IV CX 15 BOLS PP TRANS SIST FECH X 1000 ML
1031100130076;330,07;375,08;397,67;50MG/ML SOL INJ IV CX 72 BOLS PVC TRANS SIST FECH X 50 ML
1031100130599;222,05;252,33;267,53;100 MG/ML SOL INJ IV CX 40 BOLS PVC TRANS SIST FECH X 250 ML
1031100131412;5,66;6,43;6,82;50 MG/ML SOL INJ IV BOLS PP TRANS SIST FECH X 100 ML
1031100131447;4,92;5,59;5,93;50 MG/ML SOL INJ IV BOLS PP TRANS SIST FECH X 250 ML
1031100131471;6,23;7,08;7,51;50 MG/ML SOL INJ IV BOLS PP TRANS SIST FECH X 500 ML
1031100131501;8,51;9,67;10,25;50 MG/ML SOL INJ IV BOLS PP TRANS SIST FECH X 1000 ML
1031100132001;7,94;9,02;9,57;100MG/ML SOL INJ IV BOLS PVC TRANS SIST FECH X 500 ML
1031100132028;11,24;12,77;13,54;100MG/ML SOL INJ IV BOLS PVC TRANS SIST FECH X 1000 ML
1031100132044;612,59;696,13;738,06;50 MG/ML SOL INJ IV CX 100 BOLS PP TRANS SIST FECH X 100 ML
1031100132052;266,77;303,15;321,41;50 MG/ML SOL INJ IV CX 50 BOLS PP TRANS SIST FECH X 250 ML
1031100132060;203,05;230,74;244,64;50 MG/ML SOL INJ IV CX 30 BOLS PP TRANS SIST FECH X 500 ML
1031100132079;138,36;157,23;166,7;50 MG/ML SOL INJ IV CX 15 BOLS PP TRANS SIST FECH X 1000 ML
1031100200244;1267,21;1440,01;1526,76;84 MG/ML SOL INFUS IV CX 45 BOLS PLAS TRANS SIST FECH X 250 ML
1031100200252;1667,35;1894,72;2008,85;84 MG/ML SOL INFUS IV CX 50 BOLS PLAS PEBD TRANS SIST FECH X 250 ML
1031100200260;33,34;37,89;40,17;84 MG/ML SOL INFUS IV BOLS PLAS PEBD TRANS SIST FECH X 250 ML
1031100350033;162,96;185,18;196,34;100 MG/ML SOL INJ IV CX 100 AMP VD INC X 10 ML
1031100700034;78,58;84,26;91,84;SOL INJ DIA PER CX 10 BOLS PVC TRANS SIST FECH X 1000 ML
1031100710064;560,16;636,55;674,89;200 MG/ML SOL INJ IV CX 40 BOLS PVC TRANS SIST FECH X 250 ML
1031100710072;700,21;795,69;843,63;200 MG/ML SOL INJ IV CX 50 BOLS PP TRANS SIST FECH X 250 ML
1031100720264;336,63;382,53;405,58;SOL INJ IV CX 60 BOLS PE TRANS SIST FECH X 100 ML
1031100720272;214,95;244,26;258,98;SOL INJ IV CX 40 BOLS PE TRANS SIST FECH X 250 ML
1031100720280;119,15;135,4;143,55;SOL INJ IV CX 20 BOLS PE TRANS SIST FECH X 500 ML
1031100720353;733,56;833,59;883,81;SOL INJ IV CX 100 BOLS PP TRANS SIST FECH X 100 ML
1031100720361;351,32;399,23;423,28;SOL INJ IV CX 50 BOLS PP TRANS SIST FECH X 250 ML
1031100720371;233,69;265,56;281,55;SOL INJ IV CX 30 BOLS PP TRANS SIST FECH X 500 ML
1031100720388;162,51;184,67;195,8;SOL INJ IV CX 15 BOLS PP TRANS SIST FECH X 1000 ML
1031100730049;110,99;126,13;133,72;2 MG/ML SOL INJ IV CX ENVOL BOLS PVC TRANS SIST FECH X 100 ML
1031100730111;10492,01;11922,74;12640,97;2 MG/ML SOL INJ INFUS IV CX 60 ENVOL BOLS PLAS PES/PE/PP TRANS SIST FECH X 100 ML
1031100740052;106,51;121,03;128,33;2 MG/ML SOL INJ IV ENV PLAS BOLS PVC TRANS SIST FECH X 100 ML
1031100740060;190,48;216,45;229,49;2 MG/ML SOL INJ IV ENV PLAS BOLS PVC TRANS SIST FECH X 200 ML
1031100740095;3962,38;4502,71;4773,95;2 MG/ML SOL INJ IV CX 60 ENV PLAS BOLS PLAS TRANS SIST FECH X 100ML
1031100740109;4610,05;5238,69;5554,28;2 MG/ML SOL INJ IV CX 36 ENV PLAS BOLS PLAS TRANS SIST FECH X 200ML
1031100740117;5752,47;6536,9;6930,69;2 MG/ML SOL INJ IV CX 70 ENV PLAS BOLS PVC TRANS SIST FECH X 100 ML
1031100740125;7396,04;8404,59;8910,89;2 MG/ML SOL INJ IV CX 45  ENV PLAS BOLS PVC TRANS SIST FECH X 200 ML
1031100740133;72,15;81,99;86,93;2 MG/ML SOL INJ IV ENV PLAS BOLS PLAS TRANS SIST FECH X 100ML
1031100740141;124,01;140,92;149,41;2 MG/ML SOL INJ IV ENV PLAS BOLS PLAS TRANS SIST FECH X 200ML
1031100800251;24,94;28,34;30,05;60 MG/ML SOL INFUS IV CT BOLS PLAS PP TRANS SIST FECH X 500ML
1031100800276;748,32;850,36;901,59;60 MG/ML SOL INFUS IV CX 30 BOLS PLAS PP TRANS SIST FECH X 500ML
1031100810042;62,62;71,16;75,45;1 MG/ML SOL INJ CT  BOLS PLAS TRANS X 250 ML
1031100840022;101,84;115,73;122,7;10 MG/ML SOL INJ IV/IM CX 100 AMP VD AMB X 2 ML
1031100890275;5,84;6,64;7,04;(6,00+0,30+0,20+3,20) MG/ML SOL INJ IV BOLS PP TRANS SIST FECH X 250 ML
1031100890283;7,1;8,07;8,55;(6,00+0,30+0,20+3,20) MG/ML SOL INJ IV BOLS PP TRANS SIST FECH X 500 ML
1031100890291;10,63;12,08;12,81;(6,00+0,30+0,20+3,20) MG/ML SOL INJ IV BOLS PP TRANS SIST FECH X 1000 ML
1031100890305;291,83;331,63;351,6;(6,00+0,30+0,20+3,20) MG/ML SOL INJ IV CX 50 BOLS PP TRANS SIST FECH X 250 ML
1031100890313;212,9;241,93;256,51;(6,00+0,30+0,20+3,20) MG/ML SOL INJ IV CX 30 BOLS PP TRANS SIST FECH X 500 ML
1031100890321;159,66;181,43;192,36;(6,00+0,30+0,20+3,20) MG/ML SOL INJ CX 15 BOLS PP TRANS SIST FECH X 1000 ML
1031100960052;897,19;1036,78;1108,68;SOL OFT CX 10 BOLS TRILAMINADA PP TRANS SIST FECH X 500 ML
1031100960060;1310,56;1514,47;1619,5;SOL OFT CX 20 BOLS TRILAMINADA PP TRANS SIST FECH X 250 ML
1031100960079;3276,39;3786,16;4048,73;SOL OFT CX 50 BOLS PP TRANS SIST FECH X 250 ML
1031100960087;2691,58;3110,36;3326,06;SOL OFT CX 30 BOLS PP TRANS SIST FECH X 500 ML
1031101000052;107,55;122,22;129,58;1 MG/ML SOL INFUS IV CT ENVOL BOLS PLAS PES/PE/PP TRANS SIST FECH X 250 ML
1031101000060;1054,7;1198,52;1270,72;1 MG/ML SOL INFUS IV CX 10 ENVOL BOLS PLAS PES/PE/PP TRANS SIST FECH X 250 ML
1031101000079;206,87;235,08;249,24;1 MG/ML SOL INFUS IV CT ENVOL BOLS PLAS PES/PE/PP TRANS SIST FECH X 500 ML
1031101000176;42,17;47,92;50,81;1 MG/ML SOL INFUS IV CT ENVOL BOLS PLAS PES/PE/PP TRANS SIST FECH X 100 ML
1031101000206;421,71;479,22;508,08;1 MG/ML SOL INFUS IV CX 10 ENVOL BOLS PLAS PES/PE/PP TRANS SIST FECH  X 100 ML
1031101000346;21,09;23,97;25,41;1 MG/ML SOL INFUS IV ENVOL BOLS PLAS PES/PE/PP TRANS SIST FECH X 50 ML
1031101000354;42,17;47,92;50,81;1 MG/ML SOL INFUS IV ENVOL BOLS PLAS PES/PE/PP TRANS SIST FECH X 100 ML
1031101000362;63,28;71,91;76,24;1 MG/ML SOL INFUS IV ENVOL BOLS PLAS PES/PE/PP TRANS SIST FECH X 150 ML
1031101000370;107,55;122,22;129,58;1 MG/ML SOL INFUS IV ENVOL BOLS PLAS PES/PE/PP TRANS SIST FECH X 250 ML
1031101000389;206,87;235,08;249,24;1 MG/ML SOL INFUS IV ENVOL BOLS PLAS PES/PE/PP TRANS SIST FECH X 500 ML
1031101000397;2953,03;3355,72;3557,87;1 MG/ML SOL INFUS IV CX 14 ENVOL BOLS PLAS PES/PE/PP TRANS SIST FECH X 500 ML
1031101180034;167,42;190,25;201,71;2 MG/ML SOL INFUS IV ENVOL BOLS PLAS PVC TRANS SIST FECH X 100 ML
1031101180077;11139,28;12658,28;13420,82;2 MG/ML SOL INJ INFUS IV CX 60 ENVOL BOLS PLAS PES/PE/PP TRANS SIST FECH X 100 ML - 07
1031101190013;10,22;11,61;12,31;5 MG/ML SOL INJ INFUS IV BOLS PLAS SIST FECH X 100 ML
1031101190064;690,04;784,14;831,37;5 MG/ML SOL INJ INFUS IV CX ENVOL 60 BOLS PLAS PES/PE/PP TRANS SIST FECH X 100 ML
1031101200019;80,02;90,93;96,41;2 MG/ML SOL INJ IV ENV PLAS BOLS PVC TRANS SIST FECH X 100 ML
1031101200035;136,38;154,98;164,31;2 MG/ML SOL INJ IV ENV PLAS BOLS PVC TRANS SIST FECH X 200 ML
1031101200051;5187,55;5894,95;6250,06;2 MG/ML SOL INJ IV  CX 70 ENV PLAS BOLS PVC TRANS SIST FECH X 100 ML
1031101200061;6136,78;6973,62;7393,71;2 MG/ML SOL INJ IV CX 45 ENV PLAS BOLS PVC TRANS SIST FECH X 200 ML
1031101200078;4193,26;4765,07;5052,12;2 MG/ML SOL INJ IV CX 60 ENV PLAS BOLS PLAS TRANS SIST FECH X 100ML
1031101200086;4014,26;4561,66;4836,46;2 MG/ML SOL INJ IV CX 36 ENV PLAS BOLS PLAS TRANS SIST FECH X 200ML
1031101200094;69,89;79,42;84,2;2 MG/ML SOL INJ IV ENV PLAS BOLS PLAS TRANS SIST FECH X 100ML
1031101200108;122,54;139,25;147,64;2 MG/ML SOL INJ IV ENV PLAS BOLS PLAS TRANS SIST FECH X 200ML
1031101210057;51,11;59,06;63,16;(35 + 8,50 + 0,38 + 0,70)MG/ML SOL INJ IV CT BOLS PLAS TRANS SIST FECH X 500ML
1031101210073;1533,46;1772,05;1894,94;(35 + 8,50 + 0,38 + 0,70)MG/ML SOL INJ IV CX 30 BOLS PLAS TRANS SIST FECH X 500ML
1031101240071;158,81;180,47;191,34;(50,0 + 9,0) MG/ML SOL INJ IV CX 40 BOLS PVC TRANS SIST FECH X 250 ML
1031101240231;199,03;226,17;239,8;(50,0 + 9,0) MG/ML SOL INJ IV CX 40 BOLS PLAS PP TRANS SIST FECH X 250 ML
1031101240241;142,34;161,75;171,49;(50,0 + 9,0) MG/ML SOL INJ IV CX 20 BOLS  PLAS PP TRANS SIST FECH X 500 ML
1031101240258;108,17;122,92;130,33;(50,0 + 9,0) MG/ML SOL INJ IV CX 10 BOLS PLAS PP TRANS SIST FECH X 1000 ML
1031101240266;248,78;282,7;299,73;(50,0 + 9,0) MG/ML SOL INJ IV CX 50 BOLS  PLAS PP TRANS SIST FECH X 250 ML
1031101240274;162,27;184,4;195,51;(50,0 + 9,0) MG/ML SOL INJ IV CX 15 BOLS PLAS PP TRANS SIST FECH X 1000 ML
1031101240282;213,51;242,63;257,24;(50,0 + 9,0) MG/ML SOL INJ IV CX 30 BOLS PLAS PP TRANS SIST FECH X 500 ML
1031101290018;109,1;123,98;131,45;5 MG/ML SOL INFUS IV ENVOL BOLS PLAS PVC TRANS SIST FECH X 100 ML
1031101290042;181,45;206,19;218,61;5 MG/ML SOL INFUS IV CX ENVOL BOLS PLAS PVC TRANS SIST FECH X 150 ML
1031101290050;907,28;1031;1093,11;5 MG/ML SOL INFUS IV CX 5 ENVOL BOLS PLAS PVC TRANS SIST FECH X 150 ML
1031101290069;12702,07;14434,18;15303,7;5 MG/ML SOL INFUS IV CX 70 ENVOL BOLS PLAS PVC TRANS SIST FECH X 150 ML
1031101290077;7258,12;8247,87;8744,72;5 MG/ML SOL INFUS IV CX 60 ENVOL BOLS PLAS PES/PE/PP SIST FECH X 100 ML
1031101290085;120,98;137,48;145,76;5 MG/ML SOL INFUS IV ENVOL BOLS PLAS PES/PE/PP SIST FECH X 100 ML
1031101290107;181,45;206,19;218,61;5 MG/ML SOL INFUS IV ENVOL BOLS PLAS PES/PE/PP SIST FECH X 150 ML
1031101290115;907,29;1031,01;1093,12;5 MG/ML SOL INFUS IV CX 5 ENVOL BOLS PLAS PES/PE/PP SIST FECH X 150 ML
1031101290123;12702,04;14434,14;15303,66;5 MG/ML SOL INFUS IV CX 70 ENVOL BOLS PLAS PES/PE/PP SIST FECH X 150 ML
1031101350010;33,08;37,59;39,86;(60 + 6 + 0,40 + 0,134 + 0,20 + 3,70) MG/ML SOL INJ IV CT BOLS PP TRANS SIST FECH X 500 ML
1031101350029;992,47;1127,81;1195,75;(60 + 6 + 0,40 + 0,134 + 0,20 + 3,70) MG/ML SOL INJ IV CX 30 BOLS PP TRANS SIST FECH X 500 ML
1031101360032;3446,95;3916,99;4152,95;2 MG/ML SOL INJ CX 100 AMP VD AMB X 2 ML(EMB HOSP)
1031101360059;3446,95;3916,99;4152,95;2 MG/ML SOL INJ CX 50 AMP VD AMB X 4 ML(EMB HOSP)
1031101360067;6893,92;7834;8305,93;2 MG/ML SOL INJ CX 100 AMP VD AMB X 4 ML(EMB HOSP)
1031101390020;135,3;153,75;163,01;750 MG/ ML SOL INJ IV CX 100 AMP VD INC X 10 ML
1031101410048;487,89;554,42;587,82;50 MG/ML SOL INJ CX 100 AMP VD TRANS X 1 ML
1031101410064;697,3;792,39;840,12;50 MG/ML SOL INJ CX 100 AMP VD TRANS X 2 ML
1031101420019;155,98;177,25;187,93;25 MG / ML SOL INJ IM CX 100 AMP VD AMB X 3 ML (EMB HOSP)
1031101460029;153,57;174,51;185,02;(1,91+4+50) MG/ML SOL INFUS IV CX 15 BOLS PLAS TRANS SIST FECH X 1000 ML
1031101460045;153,57;174,51;185,02;(1,91+6+50) MG/ML SOL INFUS IV CX 15 BOLS PLAS TRANS SIST FECH X 1000 ML
1031101460061;153,57;174,51;185,02;(1,91+8+50) MG/ML SOL INFUS IV CX 15 BOLS PLAS TRANS SIST FECH X 1000 ML
1031101470016;150;170,45;180,72;5 MG/ML SOL INFUS IV ENVOL BOLS PLAS PVC TRANS SIST FECH X 100 ML
1031101470032;7851,99;8922,72;9460,23;5 MG/ML SOL INFUS IV CX 60 ENV BOLS PLAS TRILAM TRANS SIST FECH X 100 ML
1031101470040;228,24;259,36;274,99;5 MG/ML SOL INFUS IV CX ENVOL BOLS PLAS PVC TRANS SIST FECH X 150 ML
1031101470059;1141,17;1296,78;1374,9;5 MG/ML SOL INFUS IV CX 5 ENVOL BOLS PLAS PVC TRANS SIST FECH X 150 ML
1031101470067;15977,34;18156,07;19249,8;5 MG/ML SOL INFUS IV CX 70 ENVOL BOLS PLAS PVC TRANS SIST FECH X 150 ML
1031101470075;130,86;148,7;157,66;5 MG/ML SOL INFUS IV ENVOL BOLS PLAS PES/PE/PP SIST FECH X 100 ML
1031101470083;196,3;223,07;236,51;5 MG/ML SOL INFUS IV ENVOL BOLS PLAS PES/PE/PP SIST FECH X 150 ML
1031101470091;981,5;1115,34;1182,53;5 MG/ML SOL INFUS IV CX 5 ENVOL BOLS PLAS PES/PE/PP SIST FECH X 150 ML
1031101470105;13740,97;15614,74;16555,38;5 MG/ML SOL INFUS IV CX 70 ENVOL BOLS PLAS PES/PE/PP SIST FECH X 150 ML
1031101480011;9,04;10,27;10,89;5 MG/ML SOL INJ INFUS IV BOLS PLAS SIST FECH X 100 ML
1031101480038;679,76;772,45;818,99;5 MG/ML SOL INJ INFUS IV CX ENVOL 60 BOLS PLAS PES/PE/PP TRANS SIST FECH X 100 ML
1031101490017;3841,36;4439,03;4746,88;SOL INFUS IV CX 30 BOLS PLAS TRANS SIST FECH X 500ML
1031101490025;128,04;147,96;158,22;SOL INFUS IV BOLS PLAS TRANS SIST FECH X 500ML
1031101510018;88,79;100,9;106,98;2MG/ML SOL INFUS IV ENV AL BOLS PLAS PEBD TRANS SIST FECH X 100 ML
1031101510026;152,78;173,61;184,07;2MG/ML SOL INFUS IV ENV AL BOLS PLAS PEBD TRANS SIST FECH X 200 ML
1031101510034;5118,75;5816,76;6167,17;2MG/ML SOL INFUS IV CX 60 ENV AL BOLS PLAS PEBD TRANS SIST FECH X 100 ML
1031101510042;4609,21;5237,74;5553,26;2MG/ML SOL INFUS IV CX 32 ENV AL BOLS PLAS PEBD TRANS SIST FECH X 200 ML
1031101520013;185,65;210,97;223,67;2MG/ML SOL INJ IV ENV AL BOLS PLAS PE TRANS SIST FECH X 100 ML
1031101520021;11138,89;12657,83;13420,35;2MG/ML SOL INJ IV CX 60 ENV AL BOLS PLAS PE TRANS SIST FECH X 100 ML
1031101530019;120,98;137,48;145,76;5 MG/ML SOL INJ IV CX ENV AL BOLS PLAS PE TRANS SIST FECH X 100 ML
1031101530027;7258,12;8247,87;8744,72;5 MG/ML SOL INJ IV CX 60 ENV AL BOLS PLAS PE TRANS SIST FECH X 100 ML
1031101540014;11,33;12,88;13,65;5 MG/ML SOL INFUS IV ENV AL BOLS PLAS PEBD TRANS SIST FECH X 100 ML
1031101540022;679,96;772,68;819,23;5 MG/ML SOL INFUS IV CX 60 ENV AL BOLS PLAS PEBD TRANS SIST FECH X 100 ML
1031101550011;85,46;97,11;102,96;2 MG/ML SOL INFUS IV ENV AL BOLS PLAS PEBD TRANS SIST FECH X 100 ML
1031101550028;151,23;171,85;182,2;2 MG/ML SOL INFUS IV ENV AL BOLS PLAS PEBD TRANS SIST FECH X 200 ML
1031101550036;5071,69;5763,29;6110,47;2 MG/ML SOL INFUS IV CX 60 ENV AL BOLS PLAS PEBD TRANS SIST FECH X 100 ML
1031101550044;4609,21;5237,74;5553,26;2 MG/ML SOL INFUS IV CX 32 ENV AL BOLS PLAS PEBD TRANS SIST FECH X 200 ML
1031101560015;162,07;184,17;195,27;1,60 MG/ML SOL INFUS IV CT ENVOL BOLS PLAS PP TRANS SIST FECH X 250ML
1031101560023;810,34;920,84;976,31;1,60 MG/ML SOL INFUS IV CT 5 ENVOL BOLS PLAS PP TRANS SIST FECH X 250ML
1031101580016;83,61;95,01;100,73;SOL INJ IV CX 200 AMP PLAS PE TRANS X 5 ML
1031101580024;87,23;99,13;105,1;SOL INJ IV CX 200 AMP PLAS PE TRANS X 10 ML
1031101580032;73,71;83,76;88,81;SOL INJ IV CX 100 AMP PLAS PE TRANS X 20 ML
1031101590011;128,55;146,08;154,88;100 MG/ML SOL INJ IV CX 200 AMP PLAS TRANS X 10 ML
1031101590021;132,07;150,08;159,12;200 MG/ML SOL INJ IV CX 200 AMP PLAS TRANS X 10 ML
1031101590038;124,57;141,56;150,08;9 MG/ML SOL INJ IV CX 200 AMP PLAS PE TRANS X 10 ML
1031101590046;117,64;133,68;141,73;9 MG/ML SOL INJ IV CX 100 AMP PLAS PE TRANS X 20 ML
1031101600017;131,9;149,89;158,92;191 MG/ML SOL INJ IV CX 200 AMP PLAS TRANS X 10 ML
1031101600025;68,98;78,39;83,11;100 MG/ML SOL INJ IV CX 200 AMP PLAS TRANS X 10 ML
1031101600033;74,65;84,83;89,94;191 MG/ML SOL INJ IV CX 120 AMP PLAS TRANS X 10 ML
1031101600041;39,09;44,42;47,1;100 MG/ML SOL INJ IV CX 120 AMP PLAS TRANS X 10 ML
1031101620018;323,18;367,25;389,37;100 MG/ML SOL INJ IV CX 200 AMP PLAS PE TRANS X 10 ML
1031101650014;102,07;115,99;122,98;0,25 MG/ML SOL INJ IV/IM/SC CX 240 AMP PLAS PE TRANS X 1 ML
1031101660011;169,61;196;209,59;5 MG/ML SOL INJ IV/IM CX 240 AMP PLAS PEBD TRANS X 2 ML
1031101670015;145,5;165,34;175,3;500 MG/ML SOL INJ IV CX 200 AMP PLAS TRANS X 10 ML
1031101670023;138,12;156,95;166,41;250 MG/ML SOL INJ IV CX 200 AMP PLAS TRANS X 10 ML
1031101670031;137,32;156,05;165,45;500 MG/ML SOL INJ IV CX 100 AMP PLAS TRANS PE X 20 ML
1031101680010;325,02;369,34;391,59;2 MEQ/ML SOL INJ IV CX 200 AMP PLAS TRANS PE X 10 ML (EMB HOSP)
1031101690016;12,49;14,19;15,05;200 MG/ML SOL INJ IV CX BOLS  PLAS PE TRANS SIST FECH X 250 ML
1031101690024;624,19;709,31;752,04;200 MG/ML SOL INJ IV CX 50 BOLS PLAS PE TRANS SIST FECH X 250 ML
1031101700011;90,54;102,89;109,08;1 MG/ML SOL INJ IV CT 5 AMP VD TRANS X 5 ML
1031101720012;119,59;135,9;144,08;1 MG/ML SOL INJ IV CT 5 AMP VD TRANS X 5 ML
1031101730018;23,79;27,03;28,66;150 MCG/ML SOL INJ IT/IM/IV/EPI CT 5 AMP VD AMB X 1 ML
1031101730026;47,58;54,07;57,33;150 MCG/ML SOL INJ IT/IM/IV/EPI CT 10 AMP VD AMB X 1 ML
1031101730034;118,95;135,17;143,31;150 MCG/ML SOL INJ IT/IM/IV/EPI CT 25 AMP VD AMB X 1 ML
1031101730042;237,91;270,35;286,64;150 MCG/ML SOL INJ IT/IM/IV/EPI CX 50 AMP VD AMB X 1 ML
1031101730050;475,82;540,7;573,28;150 MCG/ML SOL INJ IT/IM/IV/EPI CX 100 AMP VD AMB X 1 ML
1031101740013;36,6;41,59;44,1;150 MCG/ML SOL INJ IT/IM/IV/EPI CT 5 AMP VD AMB X 1 ML
1031101740021;73,2;83,18;88,19;150 MCG/ML SOL INJ IT/IM/IV/EPI CT 10 AMP VD AMB X 1 ML
1031101740031;183;207,95;220,48;150 MCG/ML SOL INJ IT/IM/IV/EPI CT 25 AMP VD AMB X 1 ML
1031101740048;366;415,91;440,96;150 MCG/ML SOL INJ IT/IM/IV/EPI CX 50 AMP VD AMB X 1 ML
1031101740056;732,03;831,85;881,96;150 MCG/ML SOL INJ IT/IM/IV/EPI CX 100 AMP VD AMB X 1 ML
1031101750019;22,81;25,92;27,48;27 + 5,4 MG/ML SOL IRR URET BOLS PLAS TRANS SIST FECH X 1000 ML
1031101750027;342,16;388,82;412,24;27 + 5,4 MG/ML SOL IRR URET CX 15 BOLS PLAS TRANS SIST FECH X 1000 ML
1031101770011;3,57;4,06;4,3;50 MG/ML SOL INJ IV BOLS PLAS TRANS SIST FECH X 100 ML
1031101770028;5,12;5,82;6,17;50 MG/ML SOL INJ IV BOLS PLAS TRANS SIST FECH X 250 ML
1031101770036;6,48;7,36;7,81;50 MG/ML SOL INJ IV BOLS PLAS TRANS SIST FECH X 500 ML
1031101770044;8,85;10,06;10,66;50 MG/ML SOL INJ IV BOLS PLAS TRANS SIST FECH X 1000 ML
1031101770052;285,36;324,27;343,81;50 MG/ML SOL INJ IV CX 80 BOLS PLAS TRANS SIST FECH X 100 ML
1031101770060;356,71;405,35;429,77;50 MG/ML SOL INJ IV CX 100 BOLS PLAS TRANS SIST FECH X 100 ML
1031101770079;204,85;232,78;246,81;50 MG/ML SOL INJ IV CX 40 BOLS PLAS TRANS SIST FECH X 250 ML
1031101770087;256,06;290,98;308,51;50 MG/ML SOL INJ IV CX 50 BOLS PLAS TRANS SIST FECH X 250 ML
1031101770095;129,76;147,45;156,34;50 MG/ML SOL INJ IV CX 20 BOLS PLAS TRANS SIST FECH X 500 ML
1031101770109;194,63;221,17;234,49;50 MG/ML SOL INJ IV CX 30 BOLS PLAS TRANS SIST FECH X 500 ML
1031101770117;88,5;100,57;106,63;50 MG/ML SOL INJ IV CX 10 BOLS PLAS TRANS SIST FECH X 1000 ML
1031101770125;132,76;150,86;159,95;50 MG/ML SOL INJ IV CX 15 BOLS PLAS TRANS SIST FECH X 1000 ML
1031101770133;5,78;6,57;6,96;100 MG/ML SOL INJ IV BOLS PLAS TRANS SIST FECH X 250 ML
1031101770141;8,26;9,39;9,95;100 MG/ML SOL INJ IV BOLS PLAS TRANS SIST FECH X 500 ML
1031101770151;11,7;13,3;14,1;100 MG/ML SOL INJ IV BOLS PLAS TRANS SIST FECH X 1000 ML
1031101770168;231,04;262,55;278,36;100 MG/ML SOL INJ IV CX 40 BOLS PLAS TRANS SIST FECH X 250 ML
1031101770176;259,92;295,36;313,16;100 MG/ML SOL INJ IV CX 45 BOLS PLAS TRANS SIST FECH X 250 ML
1031101770184;165,23;187,76;199,07;100 MG/ML SOL INJ IV CX 20 BOLS PLAS TRANS SIST FECH X 500 ML
1031101770192;117;132,95;140,96;100 MG/ML SOL INJ IV CX 10 BOLS PLAS TRANS SIST FECH X 1000 ML
1031101770206;175,51;199,44;211,46;100 MG/ML SOL INJ IV CX 15 BOLS PLAS TRANS SIST FECH X 1000 ML
1031101780015;22,67;26,2;28,01;10 MG/ML SOL INFUS IV CT ENVOL BOLS PLAS PES/PE/PP TRANS SIST FECH X 100 ML
1031101780023;22,67;26,2;28,01;10 MG/ML SOL INFUS IV CX ENVOL BOLS PLAS PES/PE/PP TRANS SIST FECH X 100 ML
1031101790010;11,33;13,09;14;10 MG/ML SOL INFUS IV CT ENVOL BOLS PLAS PES/PE/PP TRANS SIST FECH X 50 ML
1031101790029;11,33;13,09;14;10 MG/ML SOL INFUS IV CX ENVOL BOLS PLAS PES/PE/PP TRANS SIST FECH X 50 ML
1031101800016;54,25;61,65;65,36;3 MG/ML SOL INJ IV CT 5 AMP VD AMB X 2 ML
1031101800024;108,55;123,35;130,78;3 MG/ML SOL INJ IV CT 10 AMP VD AMB X 2 ML
1031101800032;271,26;308,25;326,82;3 MG/ML SOL INJ IV CT 25 AMP VD AMB X 2 ML
1031101800040;542,53;616,51;653,65;3 MG/ML SOL INJ IV CX 50 AMP VD AMB X 2 ML
1031101800059;1085,07;1233,03;1307,31;3 MG/ML SOL INJ IV CX 100 AMP VD AMB X 2 ML
1031101810011;10,24;11,64;12,34;(1,91 + 4,00 + 50,00) MG/ML SOL INFUS IV BOLS PLAS TRANS SIST FECH X 1000 ML
1031101810021;153,57;174,51;185,02;(1,91 + 4,00 + 50,00) MG/ML SOL INFUS IV CX 15 BOLS PLAS TRANS SIST FECH X 1000 ML
1031101810038;10,24;11,64;12,34;(1,91 + 6,00 + 50,00) MG/ML SOL INFUS IV BOLS PLAS TRANS SIST FECH X 1000 ML
1031101810046;153,57;174,51;185,02;(1,91 + 6,00 + 50,00) MG/ML SOL INFUS IV CX 15 BOLS PLAS TRANS SIST FECH X 1000 ML
1031101810054;10,24;11,64;12,34;(1,91 + 8,00 + 50,00) MG/ML SOL INFUS IV BOLS PLAS TRANS SIST FECH X 1000 ML
1031101810062;153,57;174,51;185,02;(1,91 + 8,00 + 50,00) MG/ML SOL INFUS IV CX 15 BOLS PLAS TRANS SIST FECH X 1000 ML
1031101820017;69,49;78,97;83,72;2 MG/ML SOL  INFUS IV CT ENVOL BOLS PLAS PES/PE/PP TRANS SIST FECH X 100 ML
1031101820025;138,99;157,94;167,46;2 MG/ML SOL INFUS IV CT ENVOL BOLS PLAS PES/PE/PP TRANS SIST FECH X 200 ML
1031101820033;208,48;236,91;251,18;2 MG/ML SOL INFUS IV CT ENVOL BOLS PLAS PES/PE/PP TRANS SIST FECH X 300 ML
1031101830012;14,46;16,43;17,42;1 MG/ML SOL INFUS IV CT ENVOL BOLS PLAS PES/PE/PP TRANS SIST FECH X 100 ML
1031101830020;144,63;164,35;174,25;1 MG/ML SOL INFUS IV CX 10 ENVOL BOLS PLAS PES/PE/PP TRANS SIST FECH X 100 ML
1031101830039;289,28;328,73;348,53;1 MG/ML SOL INFUS IV CX 20 ENVOL BOLS PLAS PES/PE/PP TRANS SIST FECH X 100 ML
1031101830047;867,83;986,17;1045,58;1 MG/ML SOL INFUS IV CX 60 ENVOL BOLS PLAS PES/PE/PP TRANS SIST FECH X 100 ML
1034100030061;207,85;240,19;256,85;100 MG SOL INJ CX 1 AMP VD INC X 5 ML
1034100430037;330,08;375,09;397,69;10 MG/ML SOL INJ CT FA VD INC X 2 ML
1034100520022;136,63;155,26;164,61;50 MG CAP DURA CT BL AL PLAS PVC TRANS X 30
1034100530044;63,62;73,52;78,62;2 MG/G CREM DERM CT BG AL X 30 G
1034100530052;22,39;25,87;27,67;2 MG/G CREM DERM CT BG AL X 10 G
1034200500015;115,52;133,49;142,75;SOL TOP CT 24 FLAC X 4 ML
1034200510010;30,66;35,43;37,89;100 MG DRG CT BL AL PLAS INC X 30
1034600030164;256,91;291,94;309,53;9 MG/ML SOL INFUS IV CX 50 BOLS PLAS PVC TRANS SIST FECH X 250 ML
1034600030172;149,88;170,32;180,58;9 MG/ML SOL INFUS IV CX 24 BOLS PLAS PVC TRANS SIST FECH X 500 ML
1034600030180;118,42;134,57;142,67;9 MG/ML SOL INFUS IV CX 14 BOLS PLAS PVC TRANS SIST FECH X 1000 ML
1034600030229;300,42;341,39;361,95;9 MG/ML SOL INFUS IV CX 50 BOLS PLAS PVC TRANS SIST FECH X 100 ML
1034600030253;600,85;682,78;723,92;9 MG/ML SOL INFUS IV CX 100 BOLS PLAS PVC TRANS SIST FECH X 100 ML
1034600030261;600,85;682,78;723,92;9 MG/ML SOL INFUS IV CX 100 BOLS PLAS PP TRANS SIST FECH X 100 ML
1034600030271;256,91;291,94;309,53;9 MG/ML SOL INFUS IV CX 50 BOLS PLAS PP TRANS SIST FECH X 250 ML
1034600030288;149,88;170,32;180,58;9 MG/ML SOL INFUS IV CX 24 BOLS PLAS PP TRANS SIST FECH X 500 ML
1034600030296;118,42;134,57;142,67;9 MG/ML SOL INFUS IV CX 14 BOLS PLAS PP TRANS SIST FECH X 1000 ML
1034600030301;300,42;341,39;361,95;9 MG/ML SOL INFUS IV CX 50 BOLS PLAS PVC TRANS SIST FECH X 100 ML + ACESSRIO
1034600050122;540,93;614,69;651,72;50 MG/ML SOL INJ IV CX 90 BOLS PVC TRANS SIST FECH X 125 ML
1034600050130;265,84;302,09;320,29;50 MG/ML SOL INJ IV CX 50 BOLS PVC TRANS SIST FECH X 250 ML
1034600050149;162,71;184,9;196,04;50 MG/ML SOL INJ IV CX 24 BOLS PVC TRANS SIST FECH X 500 ML
1034600050157;129,46;147,11;155,98;50 MG/ML SOL INJ IV CX 14 BOLS PVC TRANS SIST FECH X 1000 ML
1034600050165;292,82;332,75;352,8;100 MG/ML SOL INJ IV CX 50 BOLS PVC TRANS SIST FECH X 250 ML
1034600050173;203,39;231,13;245,05;100 MG/ML SOL INJ IV CX 24 BOLS PVC TRANS SIST FECH X 500 ML
1034600050181;168,29;191,24;202,76;100 MG/ML SOL INJ IV CX 14 BOLS PVC TRANS SIST FECH X 1000 ML
1034600050191;207,33;235,6;249,8;50 MG/ML SOL INJ IV CX 90 BOLS PVC TRANS SIST FECH X 100 ML
1034600050203;230,36;261,77;277,54;50 MG/ML SOL INJ IV CX 100 BOLS PVC TRANS SIST FECH X 100 ML
1034600050211;230,36;261,77;277,54;50 MG/ML SOL INJ IV CX 100 BOLS PP TRANS SIST FECH X 100 ML
1034600050221;265,84;302,09;320,29;50 MG/ML SOL INJ IV CX 50 BOLS PP TRANS SIST FECH X 250 ML
1034600050238;162,71;184,9;196,04;50 MG/ML SOL INJ IV CX 24 BOLS PP TRANS SIST FECH X 500 ML
1034600050246;129,46;147,11;155,98;50 MG/ML SOL INJ IV CX 14 BOLS PP TRANS SIST FECH X 1000 ML
1034600050254;292,82;332,75;352,8;100 MG/ML SOL INJ IV CX 50 BOLS PP TRANS SIST FECH X 250 ML
1034600050262;203,39;231,13;245,05;100 MG/ML SOL INJ IV CX 24 BOLS PP TRANS SIST FECH X 500 ML
1034600050270;168,29;191,24;202,76;100 MG/ML SOL INJ IV CX 14 BOLS PP TRANS SIST FECH X 1000 ML
1034600070107;649,45;738,01;782,47;SOL INJ IV CX 90 BOLS PVC TRANS SIST FECH X 125 ML
1034600070115;345,42;392,52;416,17;SOL INJ IV CX 50 BOLS PVC TRANS SIST FECH X 250 ML
1034600070123;184,23;209,35;221,96;SOL INJ IV CX 24 BOLS PVC TRANS SIST FECH X 500 ML
1034600070131;150,47;170,99;181,29;SOL INJ IV CX 14 BOLS PVC TRANS SIST FECH X 1000 ML
1034600070141;577,28;656;695,52;SOL INJ IV CX 100 BOLS PVC TRANS SIST FECH X 100 ML
1034600070158;577,28;656;695,52;SOL INJ IV CX 100 BOLS PP TRANS SIST FECH X 100 ML
1034600070166;345,42;392,52;416,17;SOL INJ IV CX 50 BOLS PP TRANS SIST FECH X 250 ML
1034600070174;184,23;209,35;221,96;SOL INJ IV CX 24 BOLS PP TRANS SIST FECH X 500 ML
1034600070182;150,47;170,99;181,29;SOL INJ IV CX 14 BOLS PP TRANS SIST FECH X 1000 ML
1034600110036;677,29;769,65;816,01;200 MG/ML SOL INJ IV CX 50 BOLS PVC SIST FECH X 250 ML
1034600110044;677,29;769,65;816,01;200 MG/ML SOL INJ IV CX 50 BOLS PP SIST FECH X 250 ML
1034600130045;242,75;275,85;292,47;50 MG/ML + 9 MG/ML SOL INJ IV CX 50 BOLS PVC SIST FECH X 250 ML
1034600130053;169,15;192,22;203,8;50 MG/ML + 9 MG/ML SOL INJ IV CX 24 BOLS PVC SIST FECH X 500 ML
1034600130061;150,18;170,66;180,94;50 MG/ML + 9 MG/ML SOL INJ IV CX 14 BOLS PVC SIST FECH X 1000 ML
1034600130071;242,75;275,85;292,47;50 MG/ML + 9 MG/ML SOL INJ IV CX 50 BOLS PP SIST FECH X 250 ML
1034600130088;169,15;192,22;203,8;50 MG/ML + 9 MG/ML SOL INJ IV CX 24 BOLS PP SIST FECH X 500 ML
1034600130096;150,18;170,66;180,94;50 MG/ML + 9 MG/ML SOL INJ IV CX 14 BOLS PP SIST FECH X 1000 ML
1034600140032;140,38;142,54;150;15MG/ML SOL DIA PER CX 14 BOLS PVC SIST FECH X 1000ML
1034600150011;169,2;192,27;203,86;SOL INJ IV CX 24 BOLS PLAS X 500 ML SIST FECH
1034600190013;192,02;218,2;231,35;2,0 MG/ML SOL INJ IV CX BOLS PLAS TRANS SIST FECH X 300 ML
1034600190021;1920,19;2182,03;2313,48;2,0 MG/ML SOL INJ IV CX 10 BOLS PLAS TRANS SIST FECH X 300 ML
1034600200019;12,86;14,61;15,49;5,0 MG/ML SOL INJ IV CT BOLS PLAS TRANS  SIST FECH X 100 ML
1034600200027;128,98;146,57;155,4;5,0 MG/ML SOL INJ IV CX 10 BOLS PLAS TRANS  SIST FECH X 100 ML
1034600200035;322,48;366,45;388,53;5,0 MG/ML SOL INJ IV CX 25 BOLS PLAS TRANS  SIST FECH X 100 ML
1034600200043;644,97;732,92;777,07;5,0 MG/ML SOL INJ IV CX 50 BOLS PLAS TRANS  SIST FECH X 100 ML
1034600240010;4685,02;5323,89;5644,6;2 MG/ML SOL INFUS IV CX 100 ENVOL BOLS PLAS PP TRANS SIST FECH X 100 ML
1034600240029;4685,02;5323,89;5644,6;2 MG/ML SOL INFUS IV CX 50 ENVOL BOLS PLAS PP TRANS SIST FECH X 200 ML
1036700040028;16,6;18,86;20;0,25 MG/ML SOL INAL CT FR VD AMB X 20 ML
1036700040141;22,26;25,3;26,82;20 MCG/DOSE AER DOSIF CT FR AO INOX X 10 ML+ BOCAL
1036700060069;5,51;6,26;6,64;5 MG/ML SOL CT  FR VD AMB  X 20 ML
1036700060274;18,41;20,92;22,18;2 MG/ML SOL AER DOSIF CT TB ACO INOX X 10 ML + BOCAL
1036700130030;11,67;13,49;14,42;20 MG + 2,5 G SOL INJ CT 3 AMP VD AMB X 5 ML
1036700130213;12,91;14,92;15,95;(10,0 + 250,0) MG COM REV CT BL AL PLAS TRANS X 20
1036700140022;11,9;13,75;14,71;10 MG/ML SOL OR CT FR VD AMB X 20 ML
1036700140235;11,9;13,75;14,71;10 MG DRG CT BL AL PLAS PVC/PVDC OPC X 20
1036700490018;494,59;501,32;510,25;10 MG PO LIOF SOL INJ  CT  FA VD TRANS + FA DIL 10 ML
1036700490023;2472,99;2740,32;3012,43;50 MG PO LIOF SOL INJ  CT  FA VD TRANS + FA DIL 50 ML + CANUL TRANS
1036700490031;989,19;1089,65;1100;20 MG PO LIOF SOL INJ  CT  FA VD TRANS + FA DIL 20 ML + CANUL TRANS
1036700500061;12,66;14,39;15,25;0,02 MG/ 50MCL + 0,05 MG/ 50MCL SOL AER CT TB AO INOX X 10 ML + BOCAL
1036700580014;5,6;6,36;6,75;0,10 MG COM CT BL AL PLAS TRANS X 30
1036700580049;6,99;7,94;8,42;0,15 MG COM CT BL AL PLAS TRANS X 30
1036700580057;8,67;9,85;10,45;0,20 MG COM CT BL AL PLAS TRANS X 30
1036700620210;21,99;24,99;26,49;30 MG COM CT BL AL/AL X 50
1036700620229;41,78;47,48;50,34;60 MG COM CT BL AL/AL X 50
1036700620237;32,54;36,98;39,2;90 MG CAP DURA LIB PROL CT BL AL/AL X 20
1036700620245;42,33;48,1;51;120 MG CAP DURA LIB PROL CT BL AL/AL X 20
1036701070011;36,39;41,35;43,84;0,125 MG COM CT BL AL/AL X 30
1036701070036;83,06;94,39;100,07;0,250 MG COM CT BL AL/AL  X 30
1036701070052;250,28;284,41;301,54;1 MG COM CT BL AL/AL X 30
1036701070125;93,86;106,66;113,08;0,375 MG COM LIB PROL CT BL AL/AL X 30
1036701070141;187,71;213,31;226,16;0,75 MG COM LIB PROL CT BL AL/AL X 30
1036701070168;375,42;426,61;452,31;1,5 MG COM LIB PROL CT BL AL/AL X 30
1036701100059;43,39;49,31;52,28;40 MG COM CT BL AL/AL X 10
1036701100075;123,85;140,74;149,22;40 MG COM CT BL AL/AL X 30
1036701100083;48,41;55,01;58,33;80 MG COM CT BL AL/AL X 10
1036701100105;138,2;157,05;166,51;80 MG COM CT BL AL/AL X 30
1036701330021;5915,73;6000;6200;40 MG PO LIOF INJ CT FA + SER INJ DIL  X 8 ML + ADAPTADOR + AGULHA
1036701330038;7311,09;7500;7600;50 MG PO LIOF INJ CT FA + SER INJ DIL X 10 ML + ADAPTADOR + AGULHA
1036701340017;60,97;69,28;73,46;40 MG + 12,5 MG COM CT BL AL/AL X 14
1036701340033;70,24;79,82;84,63;80 MG + 12,5 MG COM CT BL AL/AL X 14
1036701340092;133,17;151,33;160,45;80 MG + 25 MG COM CT BL AL/AL X 30
1036701340122;119,28;135,55;143,71;40 MG + 12,5 MG COM CT BL AL/AL X 30
1036701340157;133,17;151,33;160,45;80 MG + 12,5 MG COM CT BL AL/AL X 30
1036701370072;271,58;308,61;327,2;2,5 MCG DOSE SOL INAL CT FR PLAS 4ML (60 DOSES) + RESPIMAT
1036701600019;36,55;41,53;44,04;75 MG CAP DURA CT BL AL/AL X 10
1036701600027;109,63;124,58;132,08;75 MG CAP DURA CT BL AL/AL X 30
1036701600051;36,55;41,53;44,04;110 MG CAP DURA CT BL AL/AL X 10
1036701600061;109,63;124,58;132,08;110 MG CAP DURA CT BL AL/AL X 30
1036701600078;219,23;249,13;264,13;110 MG CAP DURA CT BL AL/AL X 60
1036701600094;36,55;41,53;44,04;150MG CAP DURA CT BL AL/AL X 10
1036701600108;109,63;124,58;132,08;150MG CAP DURA CT BL AL/AL X 30
1036701600116;219,23;249,13;264,13;150MG CAP DURA CT BL AL/AL X 60
1036701660011;23,84;27,55;29,46;40MG + 5MG COM CT BL AL/AL X 10
1036701660021;71,55;82,68;88,42;40MG + 5MG COM CT BL AL/AL X 30
1036701660054;30,55;35,3;37,75;80MG + 5MG COM CT BL AL/AL X 10
1036701660062;91,64;105,9;113,24;80MG + 5MG COM CT BL AL/AL X 30
1036701660089;91,64;105,9;113,24;80MG + 10MG COM CT BL AL/AL X 30
1036701670017;58,21;67,27;71,93;5 MG COM REV CT BL AL/AL X 10
1036701670025;174,63;201,8;215,8;5 MG COM REV CT BL AL/AL X 30
1036701700072;172,33;199,14;212,95;2,5 MG + 500 MG COM REV CT FR PLAS PEAD OPC X 60
1036701700080;172,33;199,14;212,95;2,5 MG + 850 MG COM REV CT FR PLAS PEAD OPC X 60
1036701700099;172,33;199,14;212,95;2,5 MG + 1000 MG COM REV CT FR PLAS PEAD OPC X 60
1036701710019;109,22;126,21;134,97;2,5 MCG PUFF SOL INAL CT FR PLAS 4ML + RESPIMAT
1036701720014;57,83;66,83;71,46;25MG COM REV CT BL AL PLAS PVC TRANS X 10
1036701720022;173,45;200,44;214,34;25MG COM REV CT BL AL PLAS PVC TRANS X 30
1036701720030;57,83;66,83;71,46;10MG COM REV CT BL AL PLAS PVC TRANS X 10
1036701720049;173,45;200,44;214,34;10MG COM REV CT BL AL PLAS PVC TRANS X 30
1036701730011;8121,93;9385,6;10036,5;100 MG CAP MOLE CT BL AL AL X 60
1036701730028;16243,88;18771,23;20073,02;150 MG CAP MOLE CT BL AL AL X 60
1036701740023;3442;3977,53;4253,38;30 MG COM REV CT ENVOL BL AL PLAS PVC/PVDC TRANS X 28
1036701740031;4589,34;5303,39;5671,18;40 MG COM REV CT ENVOL BL AL PLAS PVC/PVDC TRANS X 28
1036701750010;10134,79;11661,26;12442,28;50 MG/ML SOL INJ CT 2 FA VD TRANS X 50 ML
1036701760016;90,06;104,07;111,29;10 MG + 5 MG COM REV CT BL AL PLAS PVC/PVDC TRANS X 10
1036701760024;270,22;312,26;333,92;10 MG + 5 MG COM REV CT BL AL PLAS PVC/PVDC TRANS X 30
1036701760032;90,06;104,07;111,29;25 MG + 5 MG COM REV CT BL AL PLAS PVC/PVDC TRANS X 10
1036701760040;270,22;312,26;333,92;25 MG + 5 MG COM REV CT BL AL PLAS PVC/PVDC TRANS X 30
1036701770011;214,24;247,57;264,74;(2,5 + 2,5) MCG SOL INAL OR CT FR PLAS X 60 ACIONAMENTOS + INAL
1036701780017;78,6;90,83;97,13;(5 + 850) MG COM REV CT BL AL PLAS PVC/PCTFE OPC X 60
1036701780025;182,87;211,32;225,98;(12,5 + 850) MG COM REV CT BL AL PLAS PVC/PCTFE OPC X 60
1036701780033;184,3;212,97;227,74;(12,5 + 1000) MG COM REV CT BL AL PLAS PVC/PCTFE OPC X 60
1037000070038;31,78;36,72;39,27;100 MG/G + 20.000 UI/G CREM VAG CT BG AL X 50 G + 10 APLIC
1037000100034;108,02;122,75;130,14;500 MG CAP DURA CT ENV AL POLIET X 100
1037000280083;314,98;363,99;389,23;4,0 MG/ML + 500 MG/ML SOL INJ CT 120 AMP VD AMB X 5 ML ( EMB HOSP)
1037000600023;11,24;12,77;13,54;1 MG/G CREM DERM CT BG AL X 10 G
1037000600142;9,25;10,51;11,14;0,1 MG/ML ELX CT FR PLAS AMB X 100 ML + CP MED
